T_degC,T_K,SOC_store,SOC_pct,t_h,source_col,TP_0C_50SOC,TP_10C_50SOC,TP_25C_0SOC,TP_25C_100SOC,TP_25C_50SOC,TP_40C_0SOC,TP_40C_100SOC,TP_40C_12_5SOC,TP_40C_25SOC,TP_40C_37_5SOC,TP_40C_50SOC,TP_40C_62_5SOC,TP_40C_75SOC,TP_40C_87_5SOC,TP_60C_0SOC,TP_60C_100SOC,TP_60C_50SOC
0,273.15,0.5,50,0,"TP_0°C,50%SOC",3.00315379838508,NaN,NaN,NaN,NaN,NaN,NaN,NaN,NaN,NaN,NaN,NaN,NaN,NaN,NaN,NaN,NaN
10,283.15,0.5,50,0,"TP_10°C,50%SOC",NaN,2.99514302303745,NaN,NaN,NaN,NaN,NaN,NaN,NaN,NaN,NaN,NaN,NaN,NaN,NaN,NaN,NaN
25,298.15,0,0,0,"TP_25°C,0%SOC",NaN,NaN,2.99596759106016,NaN,NaN,NaN,NaN,NaN,NaN,NaN,NaN,NaN,NaN,NaN,NaN,NaN,NaN
25,298.15,0.5,50,0,"TP_25°C,50%SOC",NaN,NaN,NaN,NaN,2.99311602073196,NaN,NaN,NaN,NaN,NaN,NaN,NaN,NaN,NaN,NaN,NaN,NaN
25,298.15,1,100,0,"TP_25°C,100%SOC",NaN,NaN,NaN,2.99555043405747,NaN,NaN,NaN,NaN,NaN,NaN,NaN,NaN,NaN,NaN,NaN,NaN,NaN
40,313.15,0,0,0,"TP_40°C,0%SOC",NaN,NaN,NaN,NaN,NaN,2.9948,NaN,NaN,NaN,NaN,NaN,NaN,NaN,NaN,NaN,NaN,NaN
40,313.15,0.125,12.5,0,"TP_40°C,12.5%SOC",NaN,NaN,NaN,NaN,NaN,NaN,NaN,2.99404225310133,NaN,NaN,NaN,NaN,NaN,NaN,NaN,NaN,NaN
40,313.15,0.25,25,0,"TP_40°C,25%SOC",NaN,NaN,NaN,NaN,NaN,NaN,NaN,NaN,2.99911279136341,NaN,NaN,NaN,NaN,NaN,NaN,NaN,NaN
40,313.15,0.375,37.5,0,"TP_40°C,37.5%SOC",NaN,NaN,NaN,NaN,NaN,NaN,NaN,NaN,NaN,2.99268902370095,NaN,NaN,NaN,NaN,NaN,NaN,NaN
40,313.15,0.5,50,0,"TP_40°C,50%SOC",NaN,NaN,NaN,NaN,NaN,NaN,NaN,NaN,NaN,NaN,2.98963756864357,NaN,NaN,NaN,NaN,NaN,NaN
40,313.15,0.625,62.5,0,"TP_40°C,62.5%SOC",NaN,NaN,NaN,NaN,NaN,NaN,NaN,NaN,NaN,NaN,NaN,2.99526415615506,NaN,NaN,NaN,NaN,NaN
40,313.15,0.75,75,0,"TP_40°C,75%SOC",NaN,NaN,NaN,NaN,NaN,NaN,NaN,NaN,NaN,NaN,NaN,NaN,2.99664900869078,NaN,NaN,NaN,NaN
40,313.15,0.875,87.5,0,"TP_40°C,87.5%SOC",NaN,NaN,NaN,NaN,NaN,NaN,NaN,NaN,NaN,NaN,NaN,NaN,NaN,2.9931931792705,NaN,NaN,NaN
40,313.15,1,100,0,"TP_40°C,100%SOC",NaN,NaN,NaN,NaN,NaN,NaN,2.99353745610228,NaN,NaN,NaN,NaN,NaN,NaN,NaN,NaN,NaN,NaN
60,333.15,0,0,0,"TP_60°C,0%SOC",NaN,NaN,NaN,NaN,NaN,NaN,NaN,NaN,NaN,NaN,NaN,NaN,NaN,NaN,2.99607084911234,NaN,NaN
60,333.15,0.5,50,0,"TP_60°C,50%SOC",NaN,NaN,NaN,NaN,NaN,NaN,NaN,NaN,NaN,NaN,NaN,NaN,NaN,NaN,NaN,NaN,2.99083615332298
60,333.15,1,100,0,"TP_60°C,100%SOC",NaN,NaN,NaN,NaN,NaN,NaN,NaN,NaN,NaN,NaN,NaN,NaN,NaN,NaN,NaN,2.99094017096012,NaN
0,273.15,0.5,50,160.33,"TP_0°C,50%SOC",2.99843337747104,NaN,NaN,NaN,NaN,NaN,NaN,NaN,NaN,NaN,NaN,NaN,NaN,NaN,NaN,NaN,NaN
10,283.15,0.5,50,160.33,"TP_10°C,50%SOC",NaN,2.98693362811535,NaN,NaN,NaN,NaN,NaN,NaN,NaN,NaN,NaN,NaN,NaN,NaN,NaN,NaN,NaN
25,298.15,0,0,160.33,"TP_25°C,0%SOC",NaN,NaN,3.00197966101078,NaN,NaN,NaN,NaN,NaN,NaN,NaN,NaN,NaN,NaN,NaN,NaN,NaN,NaN
25,298.15,0.5,50,160.33,"TP_25°C,50%SOC",NaN,NaN,NaN,NaN,2.98576569576823,NaN,NaN,NaN,NaN,NaN,NaN,NaN,NaN,NaN,NaN,NaN,NaN
25,298.15,1,100,160.33,"TP_25°C,100%SOC",NaN,NaN,NaN,2.96357549568905,NaN,NaN,NaN,NaN,NaN,NaN,NaN,NaN,NaN,NaN,NaN,NaN,NaN
40,313.15,0,0,160.33,"TP_40°C,0%SOC",NaN,NaN,NaN,NaN,NaN,3.0011,NaN,NaN,NaN,NaN,NaN,NaN,NaN,NaN,NaN,NaN,NaN
40,313.15,0.125,12.5,160.33,"TP_40°C,12.5%SOC",NaN,NaN,NaN,NaN,NaN,NaN,NaN,3.00065842053856,NaN,NaN,NaN,NaN,NaN,NaN,NaN,NaN,NaN
40,313.15,0.25,25,160.33,"TP_40°C,25%SOC",NaN,NaN,NaN,NaN,NaN,NaN,NaN,NaN,2.99060839208556,NaN,NaN,NaN,NaN,NaN,NaN,NaN,NaN
40,313.15,0.375,37.5,160.33,"TP_40°C,37.5%SOC",NaN,NaN,NaN,NaN,NaN,NaN,NaN,NaN,NaN,2.97989014715114,NaN,NaN,NaN,NaN,NaN,NaN,NaN
40,313.15,0.5,50,160.33,"TP_40°C,50%SOC",NaN,NaN,NaN,NaN,NaN,NaN,NaN,NaN,NaN,NaN,2.98246573057286,NaN,NaN,NaN,NaN,NaN,NaN
40,313.15,0.625,62.5,160.33,"TP_40°C,62.5%SOC",NaN,NaN,NaN,NaN,NaN,NaN,NaN,NaN,NaN,NaN,NaN,2.97748395436287,NaN,NaN,NaN,NaN,NaN
40,313.15,0.75,75,160.33,"TP_40°C,75%SOC",NaN,NaN,NaN,NaN,NaN,NaN,NaN,NaN,NaN,NaN,NaN,NaN,2.96122550526002,NaN,NaN,NaN,NaN
40,313.15,0.875,87.5,160.33,"TP_40°C,87.5%SOC",NaN,NaN,NaN,NaN,NaN,NaN,NaN,NaN,NaN,NaN,NaN,NaN,NaN,2.94530075268077,NaN,NaN,NaN
40,313.15,1,100,160.33,"TP_40°C,100%SOC",NaN,NaN,NaN,NaN,NaN,NaN,2.95096430652603,NaN,NaN,NaN,NaN,NaN,NaN,NaN,NaN,NaN,NaN
60,333.15,0,0,160.33,"TP_60°C,0%SOC",NaN,NaN,NaN,NaN,NaN,NaN,NaN,NaN,NaN,NaN,NaN,NaN,NaN,NaN,2.99504699066948,NaN,NaN
60,333.15,0.5,50,160.33,"TP_60°C,50%SOC",NaN,NaN,NaN,NaN,NaN,NaN,NaN,NaN,NaN,NaN,NaN,NaN,NaN,NaN,NaN,NaN,2.94717494878133
60,333.15,1,100,160.33,"TP_60°C,100%SOC",NaN,NaN,NaN,NaN,NaN,NaN,NaN,NaN,NaN,NaN,NaN,NaN,NaN,NaN,NaN,2.91424906428095,NaN
0,273.15,0.5,50,276.98,"TP_0°C,50%SOC",2.99791915984479,NaN,NaN,NaN,NaN,NaN,NaN,NaN,NaN,NaN,NaN,NaN,NaN,NaN,NaN,NaN,NaN
10,283.15,0.5,50,276.98,"TP_10°C,50%SOC",NaN,2.98495406852711,NaN,NaN,NaN,NaN,NaN,NaN,NaN,NaN,NaN,NaN,NaN,NaN,NaN,NaN,NaN
25,298.15,0,0,276.98,"TP_25°C,0%SOC",NaN,NaN,2.99888671442787,NaN,NaN,NaN,NaN,NaN,NaN,NaN,NaN,NaN,NaN,NaN,NaN,NaN,NaN
25,298.15,0.5,50,276.98,"TP_25°C,50%SOC",NaN,NaN,NaN,NaN,2.98455331768978,NaN,NaN,NaN,NaN,NaN,NaN,NaN,NaN,NaN,NaN,NaN,NaN
25,298.15,1,100,276.98,"TP_25°C,100%SOC",NaN,NaN,NaN,2.952967574041,NaN,NaN,NaN,NaN,NaN,NaN,NaN,NaN,NaN,NaN,NaN,NaN,NaN
40,313.15,0,0,276.98,"TP_40°C,0%SOC",NaN,NaN,NaN,NaN,NaN,3.0001,NaN,NaN,NaN,NaN,NaN,NaN,NaN,NaN,NaN,NaN,NaN
40,313.15,0.125,12.5,276.98,"TP_40°C,12.5%SOC",NaN,NaN,NaN,NaN,NaN,NaN,NaN,2.99823369530128,NaN,NaN,NaN,NaN,NaN,NaN,NaN,NaN,NaN
40,313.15,0.25,25,276.98,"TP_40°C,25%SOC",NaN,NaN,NaN,NaN,NaN,NaN,NaN,NaN,2.98641627269096,NaN,NaN,NaN,NaN,NaN,NaN,NaN,NaN
40,313.15,0.375,37.5,276.98,"TP_40°C,37.5%SOC",NaN,NaN,NaN,NaN,NaN,NaN,NaN,NaN,NaN,2.97113392299188,NaN,NaN,NaN,NaN,NaN,NaN,NaN
40,313.15,0.5,50,276.98,"TP_40°C,50%SOC",NaN,NaN,NaN,NaN,NaN,NaN,NaN,NaN,NaN,NaN,2.97447020062843,NaN,NaN,NaN,NaN,NaN,NaN
40,313.15,0.625,62.5,276.98,"TP_40°C,62.5%SOC",NaN,NaN,NaN,NaN,NaN,NaN,NaN,NaN,NaN,NaN,NaN,2.96911373808719,NaN,NaN,NaN,NaN,NaN
40,313.15,0.75,75,276.98,"TP_40°C,75%SOC",NaN,NaN,NaN,NaN,NaN,NaN,NaN,NaN,NaN,NaN,NaN,NaN,2.94814862712388,NaN,NaN,NaN,NaN
40,313.15,0.875,87.5,276.98,"TP_40°C,87.5%SOC",NaN,NaN,NaN,NaN,NaN,NaN,NaN,NaN,NaN,NaN,NaN,NaN,NaN,2.9302944582375,NaN,NaN,NaN
40,313.15,1,100,276.98,"TP_40°C,100%SOC",NaN,NaN,NaN,NaN,NaN,NaN,2.93561570050631,NaN,NaN,NaN,NaN,NaN,NaN,NaN,NaN,NaN,NaN
60,333.15,0,0,276.98,"TP_60°C,0%SOC",NaN,NaN,NaN,NaN,NaN,NaN,NaN,NaN,NaN,NaN,NaN,NaN,NaN,NaN,2.98640449328618,NaN,NaN
60,333.15,0.5,50,276.98,"TP_60°C,50%SOC",NaN,NaN,NaN,NaN,NaN,NaN,NaN,NaN,NaN,NaN,NaN,NaN,NaN,NaN,NaN,NaN,2.92338653423117
60,333.15,1,100,276.98,"TP_60°C,100%SOC",NaN,NaN,NaN,NaN,NaN,NaN,NaN,NaN,NaN,NaN,NaN,NaN,NaN,NaN,NaN,2.88020133303298,NaN
0,273.15,0.5,50,408.99,"TP_0°C,50%SOC",2.99558409556572,NaN,NaN,NaN,NaN,NaN,NaN,NaN,NaN,NaN,NaN,NaN,NaN,NaN,NaN,NaN,NaN
10,283.15,0.5,50,408.99,"TP_10°C,50%SOC",NaN,2.98298325362221,NaN,NaN,NaN,NaN,NaN,NaN,NaN,NaN,NaN,NaN,NaN,NaN,NaN,NaN,NaN
25,298.15,0,0,408.99,"TP_25°C,0%SOC",NaN,NaN,2.99718761448185,NaN,NaN,NaN,NaN,NaN,NaN,NaN,NaN,NaN,NaN,NaN,NaN,NaN,NaN
25,298.15,0.5,50,408.99,"TP_25°C,50%SOC",NaN,NaN,NaN,NaN,2.98078147099219,NaN,NaN,NaN,NaN,NaN,NaN,NaN,NaN,NaN,NaN,NaN,NaN
25,298.15,1,100,408.99,"TP_25°C,100%SOC",NaN,NaN,NaN,2.94357205232571,NaN,NaN,NaN,NaN,NaN,NaN,NaN,NaN,NaN,NaN,NaN,NaN,NaN
40,313.15,0,0,408.99,"TP_40°C,0%SOC",NaN,NaN,NaN,NaN,NaN,2.9973,NaN,NaN,NaN,NaN,NaN,NaN,NaN,NaN,NaN,NaN,NaN
40,313.15,0.125,12.5,408.99,"TP_40°C,12.5%SOC",NaN,NaN,NaN,NaN,NaN,NaN,NaN,2.99271617642372,NaN,NaN,NaN,NaN,NaN,NaN,NaN,NaN,NaN
40,313.15,0.25,25,408.99,"TP_40°C,25%SOC",NaN,NaN,NaN,NaN,NaN,NaN,NaN,NaN,2.98063243873549,NaN,NaN,NaN,NaN,NaN,NaN,NaN,NaN
40,313.15,0.375,37.5,408.99,"TP_40°C,37.5%SOC",NaN,NaN,NaN,NaN,NaN,NaN,NaN,NaN,NaN,2.96345211573732,NaN,NaN,NaN,NaN,NaN,NaN,NaN
40,313.15,0.5,50,408.99,"TP_40°C,50%SOC",NaN,NaN,NaN,NaN,NaN,NaN,NaN,NaN,NaN,NaN,2.96553829141535,NaN,NaN,NaN,NaN,NaN,NaN
40,313.15,0.625,62.5,408.99,"TP_40°C,62.5%SOC",NaN,NaN,NaN,NaN,NaN,NaN,NaN,NaN,NaN,NaN,NaN,2.96078878862629,NaN,NaN,NaN,NaN,NaN
40,313.15,0.75,75,408.99,"TP_40°C,75%SOC",NaN,NaN,NaN,NaN,NaN,NaN,NaN,NaN,NaN,NaN,NaN,NaN,2.93920141230085,NaN,NaN,NaN,NaN
40,313.15,0.875,87.5,408.99,"TP_40°C,87.5%SOC",NaN,NaN,NaN,NaN,NaN,NaN,NaN,NaN,NaN,NaN,NaN,NaN,NaN,2.91755299035328,NaN,NaN,NaN
40,313.15,1,100,408.99,"TP_40°C,100%SOC",NaN,NaN,NaN,NaN,NaN,NaN,2.92245169644657,NaN,NaN,NaN,NaN,NaN,NaN,NaN,NaN,NaN,NaN
60,333.15,0,0,408.99,"TP_60°C,0%SOC",NaN,NaN,NaN,NaN,NaN,NaN,NaN,NaN,NaN,NaN,NaN,NaN,NaN,NaN,2.97791644444513,NaN,NaN
60,333.15,0.5,50,408.99,"TP_60°C,50%SOC",NaN,NaN,NaN,NaN,NaN,NaN,NaN,NaN,NaN,NaN,NaN,NaN,NaN,NaN,NaN,NaN,2.90458541222055
60,333.15,1,100,408.99,"TP_60°C,100%SOC",NaN,NaN,NaN,NaN,NaN,NaN,NaN,NaN,NaN,NaN,NaN,NaN,NaN,NaN,NaN,2.85608800359792,NaN
0,273.15,0.5,50,708.11,"TP_0°C,50%SOC",2.99302360604556,NaN,NaN,NaN,NaN,NaN,NaN,NaN,NaN,NaN,NaN,NaN,NaN,NaN,NaN,NaN,NaN
10,283.15,0.5,50,708.11,"TP_10°C,50%SOC",NaN,2.97919454964705,NaN,NaN,NaN,NaN,NaN,NaN,NaN,NaN,NaN,NaN,NaN,NaN,NaN,NaN,NaN
25,298.15,0,0,708.11,"TP_25°C,0%SOC",NaN,NaN,2.99587702252932,NaN,NaN,NaN,NaN,NaN,NaN,NaN,NaN,NaN,NaN,NaN,NaN,NaN,NaN
25,298.15,0.5,50,708.11,"TP_25°C,50%SOC",NaN,NaN,NaN,NaN,2.97453973103945,NaN,NaN,NaN,NaN,NaN,NaN,NaN,NaN,NaN,NaN,NaN,NaN
25,298.15,1,100,708.11,"TP_25°C,100%SOC",NaN,NaN,NaN,2.9319100421036,NaN,NaN,NaN,NaN,NaN,NaN,NaN,NaN,NaN,NaN,NaN,NaN,NaN
40,313.15,0,0,708.11,"TP_40°C,0%SOC",NaN,NaN,NaN,NaN,NaN,2.99502206116749,NaN,NaN,NaN,NaN,NaN,NaN,NaN,NaN,NaN,NaN,NaN
40,313.15,0.125,12.5,708.11,"TP_40°C,12.5%SOC",NaN,NaN,NaN,NaN,NaN,NaN,NaN,2.98544013760405,NaN,NaN,NaN,NaN,NaN,NaN,NaN,NaN,NaN
40,313.15,0.25,25,708.11,"TP_40°C,25%SOC",NaN,NaN,NaN,NaN,NaN,NaN,NaN,NaN,2.97019289844463,NaN,NaN,NaN,NaN,NaN,NaN,NaN,NaN
40,313.15,0.375,37.5,708.11,"TP_40°C,37.5%SOC",NaN,NaN,NaN,NaN,NaN,NaN,NaN,NaN,NaN,2.95190500360384,NaN,NaN,NaN,NaN,NaN,NaN,NaN
40,313.15,0.5,50,708.11,"TP_40°C,50%SOC",NaN,NaN,NaN,NaN,NaN,NaN,NaN,NaN,NaN,NaN,2.95351738009719,NaN,NaN,NaN,NaN,NaN,NaN
40,313.15,0.625,62.5,708.11,"TP_40°C,62.5%SOC",NaN,NaN,NaN,NaN,NaN,NaN,NaN,NaN,NaN,NaN,NaN,2.94749166446901,NaN,NaN,NaN,NaN,NaN
40,313.15,0.75,75,708.11,"TP_40°C,75%SOC",NaN,NaN,NaN,NaN,NaN,NaN,NaN,NaN,NaN,NaN,NaN,NaN,2.9252483731525,NaN,NaN,NaN,NaN
40,313.15,0.875,87.5,708.11,"TP_40°C,87.5%SOC",NaN,NaN,NaN,NaN,NaN,NaN,NaN,NaN,NaN,NaN,NaN,NaN,NaN,2.89885946041828,NaN,NaN,NaN
40,313.15,1,100,708.11,"TP_40°C,100%SOC",NaN,NaN,NaN,NaN,NaN,NaN,2.90327695258843,NaN,NaN,NaN,NaN,NaN,NaN,NaN,NaN,NaN,NaN
60,333.15,0,0,708.11,"TP_60°C,0%SOC",NaN,NaN,NaN,NaN,NaN,NaN,NaN,NaN,NaN,NaN,NaN,NaN,NaN,NaN,2.96728658342394,NaN,NaN
60,333.15,0.5,50,708.11,"TP_60°C,50%SOC",NaN,NaN,NaN,NaN,NaN,NaN,NaN,NaN,NaN,NaN,NaN,NaN,NaN,NaN,NaN,NaN,2.87269056820596
60,333.15,1,100,708.11,"TP_60°C,100%SOC",NaN,NaN,NaN,NaN,NaN,NaN,NaN,NaN,NaN,NaN,NaN,NaN,NaN,NaN,NaN,2.81879792092464,NaN
0,273.15,0.5,50,1009.1,"TP_0°C,50%SOC",2.98942405264463,NaN,NaN,NaN,NaN,NaN,NaN,NaN,NaN,NaN,NaN,NaN,NaN,NaN,NaN,NaN,NaN
10,283.15,0.5,50,1009.1,"TP_10°C,50%SOC",NaN,2.97622507921279,NaN,NaN,NaN,NaN,NaN,NaN,NaN,NaN,NaN,NaN,NaN,NaN,NaN,NaN,NaN
25,298.15,0,0,1009.1,"TP_25°C,0%SOC",NaN,NaN,2.99258445219199,NaN,NaN,NaN,NaN,NaN,NaN,NaN,NaN,NaN,NaN,NaN,NaN,NaN,NaN
25,298.15,0.5,50,1009.1,"TP_25°C,50%SOC",NaN,NaN,NaN,NaN,2.96376912979603,NaN,NaN,NaN,NaN,NaN,NaN,NaN,NaN,NaN,NaN,NaN,NaN
25,298.15,1,100,1009.1,"TP_25°C,100%SOC",NaN,NaN,NaN,2.91518615352019,NaN,NaN,NaN,NaN,NaN,NaN,NaN,NaN,NaN,NaN,NaN,NaN,NaN
40,313.15,0,0,1009.1,"TP_40°C,0%SOC",NaN,NaN,NaN,NaN,NaN,2.99091049212937,NaN,NaN,NaN,NaN,NaN,NaN,NaN,NaN,NaN,NaN,NaN
40,313.15,0.125,12.5,1009.1,"TP_40°C,12.5%SOC",NaN,NaN,NaN,NaN,NaN,NaN,NaN,2.97978864751051,NaN,NaN,NaN,NaN,NaN,NaN,NaN,NaN,NaN
40,313.15,0.25,25,1009.1,"TP_40°C,25%SOC",NaN,NaN,NaN,NaN,NaN,NaN,NaN,NaN,2.96273916569936,NaN,NaN,NaN,NaN,NaN,NaN,NaN,NaN
40,313.15,0.375,37.5,1009.1,"TP_40°C,37.5%SOC",NaN,NaN,NaN,NaN,NaN,NaN,NaN,NaN,NaN,2.9419920624143,NaN,NaN,NaN,NaN,NaN,NaN,NaN
40,313.15,0.5,50,1009.1,"TP_40°C,50%SOC",NaN,NaN,NaN,NaN,NaN,NaN,NaN,NaN,NaN,NaN,2.94325058871135,NaN,NaN,NaN,NaN,NaN,NaN
40,313.15,0.625,62.5,1009.1,"TP_40°C,62.5%SOC",NaN,NaN,NaN,NaN,NaN,NaN,NaN,NaN,NaN,NaN,NaN,2.93720199664923,NaN,NaN,NaN,NaN,NaN
40,313.15,0.75,75,1009.1,"TP_40°C,75%SOC",NaN,NaN,NaN,NaN,NaN,NaN,NaN,NaN,NaN,NaN,NaN,NaN,2.91257597932197,NaN,NaN,NaN,NaN
40,313.15,0.875,87.5,1009.1,"TP_40°C,87.5%SOC",NaN,NaN,NaN,NaN,NaN,NaN,NaN,NaN,NaN,NaN,NaN,NaN,NaN,2.88361983752251,NaN,NaN,NaN
40,313.15,1,100,1009.1,"TP_40°C,100%SOC",NaN,NaN,NaN,NaN,NaN,NaN,2.8873520139535,NaN,NaN,NaN,NaN,NaN,NaN,NaN,NaN,NaN,NaN
60,333.15,0,0,1009.1,"TP_60°C,0%SOC",NaN,NaN,NaN,NaN,NaN,NaN,NaN,NaN,NaN,NaN,NaN,NaN,NaN,NaN,2.95793773536408,NaN,NaN
60,333.15,0.5,50,1009.1,"TP_60°C,50%SOC",NaN,NaN,NaN,NaN,NaN,NaN,NaN,NaN,NaN,NaN,NaN,NaN,NaN,NaN,NaN,NaN,2.85139622106154
60,333.15,1,100,1009.1,"TP_60°C,100%SOC",NaN,NaN,NaN,NaN,NaN,NaN,NaN,NaN,NaN,NaN,NaN,NaN,NaN,NaN,NaN,2.79327440080041,NaN
0,273.15,0.5,50,1285.6,"TP_0°C,50%SOC",2.98652927377801,NaN,NaN,NaN,NaN,NaN,NaN,NaN,NaN,NaN,NaN,NaN,NaN,NaN,NaN,NaN,NaN
10,283.15,0.5,50,1285.6,"TP_10°C,50%SOC",NaN,2.97329339620611,NaN,NaN,NaN,NaN,NaN,NaN,NaN,NaN,NaN,NaN,NaN,NaN,NaN,NaN,NaN
25,298.15,0,0,1285.6,"TP_25°C,0%SOC",NaN,NaN,2.98975630372229,NaN,NaN,NaN,NaN,NaN,NaN,NaN,NaN,NaN,NaN,NaN,NaN,NaN,NaN
25,298.15,0.5,50,1285.6,"TP_25°C,50%SOC",NaN,NaN,NaN,NaN,2.9587201521966,NaN,NaN,NaN,NaN,NaN,NaN,NaN,NaN,NaN,NaN,NaN,NaN
25,298.15,1,100,1285.6,"TP_25°C,100%SOC",NaN,NaN,NaN,2.90677716969118,NaN,NaN,NaN,NaN,NaN,NaN,NaN,NaN,NaN,NaN,NaN,NaN,NaN
40,313.15,0,0,1285.6,"TP_40°C,0%SOC",NaN,NaN,NaN,NaN,NaN,2.98700127632553,NaN,NaN,NaN,NaN,NaN,NaN,NaN,NaN,NaN,NaN,NaN
40,313.15,0.125,12.5,1285.6,"TP_40°C,12.5%SOC",NaN,NaN,NaN,NaN,NaN,NaN,NaN,2.97389863273872,NaN,NaN,NaN,NaN,NaN,NaN,NaN,NaN,NaN
40,313.15,0.25,25,1285.6,"TP_40°C,25%SOC",NaN,NaN,NaN,NaN,NaN,NaN,NaN,NaN,2.95664488151565,NaN,NaN,NaN,NaN,NaN,NaN,NaN,NaN
40,313.15,0.375,37.5,1285.6,"TP_40°C,37.5%SOC",NaN,NaN,NaN,NaN,NaN,NaN,NaN,NaN,NaN,2.93359980334139,NaN,NaN,NaN,NaN,NaN,NaN,NaN
40,313.15,0.5,50,1285.6,"TP_40°C,50%SOC",NaN,NaN,NaN,NaN,NaN,NaN,NaN,NaN,NaN,NaN,2.93419185873499,NaN,NaN,NaN,NaN,NaN,NaN
40,313.15,0.625,62.5,1285.6,"TP_40°C,62.5%SOC",NaN,NaN,NaN,NaN,NaN,NaN,NaN,NaN,NaN,NaN,NaN,2.92869707391916,NaN,NaN,NaN,NaN,NaN
40,313.15,0.75,75,1285.6,"TP_40°C,75%SOC",NaN,NaN,NaN,NaN,NaN,NaN,NaN,NaN,NaN,NaN,NaN,NaN,2.90306301233415,NaN,NaN,NaN,NaN
40,313.15,0.875,87.5,1285.6,"TP_40°C,87.5%SOC",NaN,NaN,NaN,NaN,NaN,NaN,NaN,NaN,NaN,NaN,NaN,NaN,NaN,2.87131262751468,NaN,NaN,NaN
40,313.15,1,100,1285.6,"TP_40°C,100%SOC",NaN,NaN,NaN,NaN,NaN,NaN,2.87435675384775,NaN,NaN,NaN,NaN,NaN,NaN,NaN,NaN,NaN,NaN
60,333.15,0,0,1285.6,"TP_60°C,0%SOC",NaN,NaN,NaN,NaN,NaN,NaN,NaN,NaN,NaN,NaN,NaN,NaN,NaN,NaN,2.94910283760662,NaN,NaN
60,333.15,0.5,50,1285.6,"TP_60°C,50%SOC",NaN,NaN,NaN,NaN,NaN,NaN,NaN,NaN,NaN,NaN,NaN,NaN,NaN,NaN,NaN,NaN,2.83200810969483
60,333.15,1,100,1285.6,"TP_60°C,100%SOC",NaN,NaN,NaN,NaN,NaN,NaN,NaN,NaN,NaN,NaN,NaN,NaN,NaN,NaN,NaN,2.77074524896512,NaN
0,273.15,0.5,50,1945,"TP_0°C,50%SOC",2.9840553936869,NaN,NaN,NaN,NaN,NaN,NaN,NaN,NaN,NaN,NaN,NaN,NaN,NaN,NaN,NaN,NaN
10,283.15,0.5,50,1945,"TP_10°C,50%SOC",NaN,2.96934274110786,NaN,NaN,NaN,NaN,NaN,NaN,NaN,NaN,NaN,NaN,NaN,NaN,NaN,NaN,NaN
25,298.15,0,0,1945,"TP_25°C,0%SOC",NaN,NaN,2.98634665841445,NaN,NaN,NaN,NaN,NaN,NaN,NaN,NaN,NaN,NaN,NaN,NaN,NaN,NaN
25,298.15,0.5,50,1945,"TP_25°C,50%SOC",NaN,NaN,NaN,NaN,2.95279505260237,NaN,NaN,NaN,NaN,NaN,NaN,NaN,NaN,NaN,NaN,NaN,NaN
25,298.15,1,100,1945,"TP_25°C,100%SOC",NaN,NaN,NaN,2.89470215617201,NaN,NaN,NaN,NaN,NaN,NaN,NaN,NaN,NaN,NaN,NaN,NaN,NaN
40,313.15,0,0,1945,"TP_40°C,0%SOC",NaN,NaN,NaN,NaN,NaN,2.98289513185394,NaN,NaN,NaN,NaN,NaN,NaN,NaN,NaN,NaN,NaN,NaN
40,313.15,0.125,12.5,1945,"TP_40°C,12.5%SOC",NaN,NaN,NaN,NaN,NaN,NaN,NaN,2.96540058932612,NaN,NaN,NaN,NaN,NaN,NaN,NaN,NaN,NaN
40,313.15,0.25,25,1945,"TP_40°C,25%SOC",NaN,NaN,NaN,NaN,NaN,NaN,NaN,NaN,2.94506104690745,NaN,NaN,NaN,NaN,NaN,NaN,NaN,NaN
40,313.15,0.375,37.5,1945,"TP_40°C,37.5%SOC",NaN,NaN,NaN,NaN,NaN,NaN,NaN,NaN,NaN,2.91968527853025,NaN,NaN,NaN,NaN,NaN,NaN,NaN
40,313.15,0.5,50,1945,"TP_40°C,50%SOC",NaN,NaN,NaN,NaN,NaN,NaN,NaN,NaN,NaN,NaN,2.92008771936436,NaN,NaN,NaN,NaN,NaN,NaN
40,313.15,0.625,62.5,1945,"TP_40°C,62.5%SOC",NaN,NaN,NaN,NaN,NaN,NaN,NaN,NaN,NaN,NaN,NaN,2.91371520812649,NaN,NaN,NaN,NaN,NaN
40,313.15,0.75,75,1945,"TP_40°C,75%SOC",NaN,NaN,NaN,NaN,NaN,NaN,NaN,NaN,NaN,NaN,NaN,NaN,2.88714520977471,NaN,NaN,NaN,NaN
40,313.15,0.875,87.5,1945,"TP_40°C,87.5%SOC",NaN,NaN,NaN,NaN,NaN,NaN,NaN,NaN,NaN,NaN,NaN,NaN,NaN,2.85103232036458,NaN,NaN,NaN
40,313.15,1,100,1945,"TP_40°C,100%SOC",NaN,NaN,NaN,NaN,NaN,NaN,2.8535091778129,NaN,NaN,NaN,NaN,NaN,NaN,NaN,NaN,NaN,NaN
60,333.15,0,0,1945,"TP_60°C,0%SOC",NaN,NaN,NaN,NaN,NaN,NaN,NaN,NaN,NaN,NaN,NaN,NaN,NaN,NaN,2.93937751475593,NaN,NaN
60,333.15,0.5,50,1945,"TP_60°C,50%SOC",NaN,NaN,NaN,NaN,NaN,NaN,NaN,NaN,NaN,NaN,NaN,NaN,NaN,NaN,NaN,NaN,2.79932219788013
60,333.15,1,100,1945,"TP_60°C,100%SOC",NaN,NaN,NaN,NaN,NaN,NaN,NaN,NaN,NaN,NaN,NaN,NaN,NaN,NaN,NaN,2.73225565777591,NaN
0,273.15,0.5,50,2579.2,"TP_0°C,50%SOC",2.98162262399036,NaN,NaN,NaN,NaN,NaN,NaN,NaN,NaN,NaN,NaN,NaN,NaN,NaN,NaN,NaN,NaN
10,283.15,0.5,50,2579.2,"TP_10°C,50%SOC",NaN,2.96521149638089,NaN,NaN,NaN,NaN,NaN,NaN,NaN,NaN,NaN,NaN,NaN,NaN,NaN,NaN,NaN
25,298.15,0,0,2579.2,"TP_25°C,0%SOC",NaN,NaN,2.98372051087346,NaN,NaN,NaN,NaN,NaN,NaN,NaN,NaN,NaN,NaN,NaN,NaN,NaN,NaN
25,298.15,0.5,50,2579.2,"TP_25°C,50%SOC",NaN,NaN,NaN,NaN,2.94712823679469,NaN,NaN,NaN,NaN,NaN,NaN,NaN,NaN,NaN,NaN,NaN,NaN
25,298.15,1,100,2579.2,"TP_25°C,100%SOC",NaN,NaN,NaN,2.87998004377818,NaN,NaN,NaN,NaN,NaN,NaN,NaN,NaN,NaN,NaN,NaN,NaN,NaN
40,313.15,0,0,2579.2,"TP_40°C,0%SOC",NaN,NaN,NaN,NaN,NaN,2.97826819307978,NaN,NaN,NaN,NaN,NaN,NaN,NaN,NaN,NaN,NaN,NaN
40,313.15,0.125,12.5,2579.2,"TP_40°C,12.5%SOC",NaN,NaN,NaN,NaN,NaN,NaN,NaN,2.95745541845676,NaN,NaN,NaN,NaN,NaN,NaN,NaN,NaN,NaN
40,313.15,0.25,25,2579.2,"TP_40°C,25%SOC",NaN,NaN,NaN,NaN,NaN,NaN,NaN,NaN,2.93518199360573,NaN,NaN,NaN,NaN,NaN,NaN,NaN,NaN
40,313.15,0.375,37.5,2579.2,"TP_40°C,37.5%SOC",NaN,NaN,NaN,NaN,NaN,NaN,NaN,NaN,NaN,2.90786917299756,NaN,NaN,NaN,NaN,NaN,NaN,NaN
40,313.15,0.5,50,2579.2,"TP_40°C,50%SOC",NaN,NaN,NaN,NaN,NaN,NaN,NaN,NaN,NaN,NaN,2.90808062407934,NaN,NaN,NaN,NaN,NaN,NaN
40,313.15,0.625,62.5,2579.2,"TP_40°C,62.5%SOC",NaN,NaN,NaN,NaN,NaN,NaN,NaN,NaN,NaN,NaN,NaN,2.90142161414131,NaN,NaN,NaN,NaN,NaN
40,313.15,0.75,75,2579.2,"TP_40°C,75%SOC",NaN,NaN,NaN,NaN,NaN,NaN,NaN,NaN,NaN,NaN,NaN,NaN,2.87385462896296,NaN,NaN,NaN,NaN
40,313.15,0.875,87.5,2579.2,"TP_40°C,87.5%SOC",NaN,NaN,NaN,NaN,NaN,NaN,NaN,NaN,NaN,NaN,NaN,NaN,NaN,2.83421971266971,NaN,NaN,NaN
40,313.15,1,100,2579.2,"TP_40°C,100%SOC",NaN,NaN,NaN,NaN,NaN,NaN,2.83615242369884,NaN,NaN,NaN,NaN,NaN,NaN,NaN,NaN,NaN,NaN
60,333.15,0,0,2579.2,"TP_60°C,0%SOC",NaN,NaN,NaN,NaN,NaN,NaN,NaN,NaN,NaN,NaN,NaN,NaN,NaN,NaN,2.93002665290599,NaN,NaN
60,333.15,0.5,50,2579.2,"TP_60°C,50%SOC",NaN,NaN,NaN,NaN,NaN,NaN,NaN,NaN,NaN,NaN,NaN,NaN,NaN,NaN,NaN,NaN,2.77315518556936
60,333.15,1,100,2579.2,"TP_60°C,100%SOC",NaN,NaN,NaN,NaN,NaN,NaN,NaN,NaN,NaN,NaN,NaN,NaN,NaN,NaN,NaN,2.70149864395968,NaN
0,273.15,0.5,50,3286.7,"TP_0°C,50%SOC",2.97945910701932,NaN,NaN,NaN,NaN,NaN,NaN,NaN,NaN,NaN,NaN,NaN,NaN,NaN,NaN,NaN,NaN
10,283.15,0.5,50,3286.7,"TP_10°C,50%SOC",NaN,2.96279303729644,NaN,NaN,NaN,NaN,NaN,NaN,NaN,NaN,NaN,NaN,NaN,NaN,NaN,NaN,NaN
25,298.15,0,0,3286.7,"TP_25°C,0%SOC",NaN,NaN,2.9813581772835,NaN,NaN,NaN,NaN,NaN,NaN,NaN,NaN,NaN,NaN,NaN,NaN,NaN,NaN
25,298.15,0.5,50,3286.7,"TP_25°C,50%SOC",NaN,NaN,NaN,NaN,2.94190250252598,NaN,NaN,NaN,NaN,NaN,NaN,NaN,NaN,NaN,NaN,NaN,NaN
25,298.15,1,100,3286.7,"TP_25°C,100%SOC",NaN,NaN,NaN,2.86439043770762,NaN,NaN,NaN,NaN,NaN,NaN,NaN,NaN,NaN,NaN,NaN,NaN,NaN
40,313.15,0,0,3286.7,"TP_40°C,0%SOC",NaN,NaN,NaN,NaN,NaN,2.97400102997084,NaN,NaN,NaN,NaN,NaN,NaN,NaN,NaN,NaN,NaN,NaN
40,313.15,0.125,12.5,3286.7,"TP_40°C,12.5%SOC",NaN,NaN,NaN,NaN,NaN,NaN,NaN,2.94958876741385,NaN,NaN,NaN,NaN,NaN,NaN,NaN,NaN,NaN
40,313.15,0.25,25,3286.7,"TP_40°C,25%SOC",NaN,NaN,NaN,NaN,NaN,NaN,NaN,NaN,2.92582391474432,NaN,NaN,NaN,NaN,NaN,NaN,NaN,NaN
40,313.15,0.375,37.5,3286.7,"TP_40°C,37.5%SOC",NaN,NaN,NaN,NaN,NaN,NaN,NaN,NaN,NaN,2.89647227871794,NaN,NaN,NaN,NaN,NaN,NaN,NaN
40,313.15,0.5,50,3286.7,"TP_40°C,50%SOC",NaN,NaN,NaN,NaN,NaN,NaN,NaN,NaN,NaN,NaN,2.89622595209746,NaN,NaN,NaN,NaN,NaN,NaN
40,313.15,0.625,62.5,3286.7,"TP_40°C,62.5%SOC",NaN,NaN,NaN,NaN,NaN,NaN,NaN,NaN,NaN,NaN,NaN,2.88945996433231,NaN,NaN,NaN,NaN,NaN
40,313.15,0.75,75,3286.7,"TP_40°C,75%SOC",NaN,NaN,NaN,NaN,NaN,NaN,NaN,NaN,NaN,NaN,NaN,NaN,2.86136501558144,NaN,NaN,NaN,NaN
40,313.15,0.875,87.5,3286.7,"TP_40°C,87.5%SOC",NaN,NaN,NaN,NaN,NaN,NaN,NaN,NaN,NaN,NaN,NaN,NaN,NaN,2.81876042144285,NaN,NaN,NaN
40,313.15,1,100,3286.7,"TP_40°C,100%SOC",NaN,NaN,NaN,NaN,NaN,NaN,2.82030632692463,NaN,NaN,NaN,NaN,NaN,NaN,NaN,NaN,NaN,NaN
60,333.15,0,0,3286.7,"TP_60°C,0%SOC",NaN,NaN,NaN,NaN,NaN,NaN,NaN,NaN,NaN,NaN,NaN,NaN,NaN,NaN,2.92177408729632,NaN,NaN
60,333.15,0.5,50,3286.7,"TP_60°C,50%SOC",NaN,NaN,NaN,NaN,NaN,NaN,NaN,NaN,NaN,NaN,NaN,NaN,NaN,NaN,NaN,NaN,2.75322507411253
60,333.15,1,100,3286.7,"TP_60°C,100%SOC",NaN,NaN,NaN,NaN,NaN,NaN,NaN,NaN,NaN,NaN,NaN,NaN,NaN,NaN,NaN,2.67745628628755,NaN
0,273.15,0.5,50,3872.7,"TP_0°C,50%SOC",2.97723338949598,NaN,NaN,NaN,NaN,NaN,NaN,NaN,NaN,NaN,NaN,NaN,NaN,NaN,NaN,NaN,NaN
10,283.15,0.5,50,3872.7,"TP_10°C,50%SOC",NaN,2.95961372858907,NaN,NaN,NaN,NaN,NaN,NaN,NaN,NaN,NaN,NaN,NaN,NaN,NaN,NaN,NaN
25,298.15,0,0,3872.7,"TP_25°C,0%SOC",NaN,NaN,2.97884074853484,NaN,NaN,NaN,NaN,NaN,NaN,NaN,NaN,NaN,NaN,NaN,NaN,NaN,NaN
25,298.15,0.5,50,3872.7,"TP_25°C,50%SOC",NaN,NaN,NaN,NaN,2.93702092742419,NaN,NaN,NaN,NaN,NaN,NaN,NaN,NaN,NaN,NaN,NaN,NaN
25,298.15,1,100,3872.7,"TP_25°C,100%SOC",NaN,NaN,NaN,2.85170801932865,NaN,NaN,NaN,NaN,NaN,NaN,NaN,NaN,NaN,NaN,NaN,NaN,NaN
40,313.15,0,0,3872.7,"TP_40°C,0%SOC",NaN,NaN,NaN,NaN,NaN,2.96987421127762,NaN,NaN,NaN,NaN,NaN,NaN,NaN,NaN,NaN,NaN,NaN
40,313.15,0.125,12.5,3872.7,"TP_40°C,12.5%SOC",NaN,NaN,NaN,NaN,NaN,NaN,NaN,2.94295478130857,NaN,NaN,NaN,NaN,NaN,NaN,NaN,NaN,NaN
40,313.15,0.25,25,3872.7,"TP_40°C,25%SOC",NaN,NaN,NaN,NaN,NaN,NaN,NaN,NaN,2.91818687239569,NaN,NaN,NaN,NaN,NaN,NaN,NaN,NaN
40,313.15,0.375,37.5,3872.7,"TP_40°C,37.5%SOC",NaN,NaN,NaN,NaN,NaN,NaN,NaN,NaN,NaN,2.88700738096908,NaN,NaN,NaN,NaN,NaN,NaN,NaN
40,313.15,0.5,50,3872.7,"TP_40°C,50%SOC",NaN,NaN,NaN,NaN,NaN,NaN,NaN,NaN,NaN,NaN,2.88719039810577,NaN,NaN,NaN,NaN,NaN,NaN
40,313.15,0.625,62.5,3872.7,"TP_40°C,62.5%SOC",NaN,NaN,NaN,NaN,NaN,NaN,NaN,NaN,NaN,NaN,NaN,2.8802124702769,NaN,NaN,NaN,NaN,NaN
40,313.15,0.75,75,3872.7,"TP_40°C,75%SOC",NaN,NaN,NaN,NaN,NaN,NaN,NaN,NaN,NaN,NaN,NaN,NaN,2.85154885898853,NaN,NaN,NaN,NaN
40,313.15,0.875,87.5,3872.7,"TP_40°C,87.5%SOC",NaN,NaN,NaN,NaN,NaN,NaN,NaN,NaN,NaN,NaN,NaN,NaN,NaN,2.80698209540622,NaN,NaN,NaN
40,313.15,1,100,3872.7,"TP_40°C,100%SOC",NaN,NaN,NaN,NaN,NaN,NaN,2.8087481777221,NaN,NaN,NaN,NaN,NaN,NaN,NaN,NaN,NaN,NaN
60,333.15,0,0,3872.7,"TP_60°C,0%SOC",NaN,NaN,NaN,NaN,NaN,NaN,NaN,NaN,NaN,NaN,NaN,NaN,NaN,NaN,2.91497190557335,NaN,NaN
60,333.15,0.5,50,3872.7,"TP_60°C,50%SOC",NaN,NaN,NaN,NaN,NaN,NaN,NaN,NaN,NaN,NaN,NaN,NaN,NaN,NaN,NaN,NaN,2.7363444040512
60,333.15,1,100,3872.7,"TP_60°C,100%SOC",NaN,NaN,NaN,NaN,NaN,NaN,NaN,NaN,NaN,NaN,NaN,NaN,NaN,NaN,NaN,2.65881581314737,NaN
0,273.15,0.5,50,4483,"TP_0°C,50%SOC",2.9745857897287,NaN,NaN,NaN,NaN,NaN,NaN,NaN,NaN,NaN,NaN,NaN,NaN,NaN,NaN,NaN,NaN
10,283.15,0.5,50,4483,"TP_10°C,50%SOC",NaN,2.95630505321135,NaN,NaN,NaN,NaN,NaN,NaN,NaN,NaN,NaN,NaN,NaN,NaN,NaN,NaN,NaN
25,298.15,0,0,4483,"TP_25°C,0%SOC",NaN,NaN,2.97628191902321,NaN,NaN,NaN,NaN,NaN,NaN,NaN,NaN,NaN,NaN,NaN,NaN,NaN,NaN
25,298.15,0.5,50,4483,"TP_25°C,50%SOC",NaN,NaN,NaN,NaN,2.93261861901375,NaN,NaN,NaN,NaN,NaN,NaN,NaN,NaN,NaN,NaN,NaN,NaN
25,298.15,1,100,4483,"TP_25°C,100%SOC",NaN,NaN,NaN,2.84221363711539,NaN,NaN,NaN,NaN,NaN,NaN,NaN,NaN,NaN,NaN,NaN,NaN,NaN
40,313.15,0,0,4483,"TP_40°C,0%SOC",NaN,NaN,NaN,NaN,NaN,2.96616523961604,NaN,NaN,NaN,NaN,NaN,NaN,NaN,NaN,NaN,NaN,NaN
40,313.15,0.125,12.5,4483,"TP_40°C,12.5%SOC",NaN,NaN,NaN,NaN,NaN,NaN,NaN,2.93677553882467,NaN,NaN,NaN,NaN,NaN,NaN,NaN,NaN,NaN
40,313.15,0.25,25,4483,"TP_40°C,25%SOC",NaN,NaN,NaN,NaN,NaN,NaN,NaN,NaN,2.91025590322585,NaN,NaN,NaN,NaN,NaN,NaN,NaN,NaN
40,313.15,0.375,37.5,4483,"TP_40°C,37.5%SOC",NaN,NaN,NaN,NaN,NaN,NaN,NaN,NaN,NaN,2.87825956198802,NaN,NaN,NaN,NaN,NaN,NaN,NaN
40,313.15,0.5,50,4483,"TP_40°C,50%SOC",NaN,NaN,NaN,NaN,NaN,NaN,NaN,NaN,NaN,NaN,2.87829752999192,NaN,NaN,NaN,NaN,NaN,NaN
40,313.15,0.625,62.5,4483,"TP_40°C,62.5%SOC",NaN,NaN,NaN,NaN,NaN,NaN,NaN,NaN,NaN,NaN,NaN,2.87082108215563,NaN,NaN,NaN,NaN,NaN
40,313.15,0.75,75,4483,"TP_40°C,75%SOC",NaN,NaN,NaN,NaN,NaN,NaN,NaN,NaN,NaN,NaN,NaN,NaN,2.84202763699416,NaN,NaN,NaN,NaN
40,313.15,0.875,87.5,4483,"TP_40°C,87.5%SOC",NaN,NaN,NaN,NaN,NaN,NaN,NaN,NaN,NaN,NaN,NaN,NaN,NaN,2.7954192962979,NaN,NaN,NaN
40,313.15,1,100,4483,"TP_40°C,100%SOC",NaN,NaN,NaN,NaN,NaN,NaN,2.79732606134809,NaN,NaN,NaN,NaN,NaN,NaN,NaN,NaN,NaN,NaN
60,333.15,0,0,4483,"TP_60°C,0%SOC",NaN,NaN,NaN,NaN,NaN,NaN,NaN,NaN,NaN,NaN,NaN,NaN,NaN,NaN,2.90854511225895,NaN,NaN
60,333.15,0.5,50,4483,"TP_60°C,50%SOC",NaN,NaN,NaN,NaN,NaN,NaN,NaN,NaN,NaN,NaN,NaN,NaN,NaN,NaN,NaN,NaN,2.72330230806856
60,333.15,1,100,4483,"TP_60°C,100%SOC",NaN,NaN,NaN,NaN,NaN,NaN,NaN,NaN,NaN,NaN,NaN,NaN,NaN,NaN,NaN,2.64158812252667,NaN
0,273.15,0.5,50,5118.6,"TP_0°C,50%SOC",2.97279959692411,NaN,NaN,NaN,NaN,NaN,NaN,NaN,NaN,NaN,NaN,NaN,NaN,NaN,NaN,NaN,NaN
10,283.15,0.5,50,5118.6,"TP_10°C,50%SOC",NaN,2.95384937812907,NaN,NaN,NaN,NaN,NaN,NaN,NaN,NaN,NaN,NaN,NaN,NaN,NaN,NaN,NaN
25,298.15,0,0,5118.6,"TP_25°C,0%SOC",NaN,NaN,2.97465948771311,NaN,NaN,NaN,NaN,NaN,NaN,NaN,NaN,NaN,NaN,NaN,NaN,NaN,NaN
25,298.15,0.5,50,5118.6,"TP_25°C,50%SOC",NaN,NaN,NaN,NaN,2.92901314245862,NaN,NaN,NaN,NaN,NaN,NaN,NaN,NaN,NaN,NaN,NaN,NaN
25,298.15,1,100,5118.6,"TP_25°C,100%SOC",NaN,NaN,NaN,2.82998383244879,NaN,NaN,NaN,NaN,NaN,NaN,NaN,NaN,NaN,NaN,NaN,NaN,NaN
40,313.15,0,0,5118.6,"TP_40°C,0%SOC",NaN,NaN,NaN,NaN,NaN,2.96279576093274,NaN,NaN,NaN,NaN,NaN,NaN,NaN,NaN,NaN,NaN,NaN
40,313.15,0.125,12.5,5118.6,"TP_40°C,12.5%SOC",NaN,NaN,NaN,NaN,NaN,NaN,NaN,2.93062461836519,NaN,NaN,NaN,NaN,NaN,NaN,NaN,NaN,NaN
40,313.15,0.25,25,5118.6,"TP_40°C,25%SOC",NaN,NaN,NaN,NaN,NaN,NaN,NaN,NaN,2.90328345177606,NaN,NaN,NaN,NaN,NaN,NaN,NaN,NaN
40,313.15,0.375,37.5,5118.6,"TP_40°C,37.5%SOC",NaN,NaN,NaN,NaN,NaN,NaN,NaN,NaN,NaN,2.86973722164979,NaN,NaN,NaN,NaN,NaN,NaN,NaN
40,313.15,0.5,50,5118.6,"TP_40°C,50%SOC",NaN,NaN,NaN,NaN,NaN,NaN,NaN,NaN,NaN,NaN,2.86967977215158,NaN,NaN,NaN,NaN,NaN,NaN
40,313.15,0.625,62.5,5118.6,"TP_40°C,62.5%SOC",NaN,NaN,NaN,NaN,NaN,NaN,NaN,NaN,NaN,NaN,NaN,2.86221976420161,NaN,NaN,NaN,NaN,NaN
40,313.15,0.75,75,5118.6,"TP_40°C,75%SOC",NaN,NaN,NaN,NaN,NaN,NaN,NaN,NaN,NaN,NaN,NaN,NaN,2.8325088422585,NaN,NaN,NaN,NaN
40,313.15,0.875,87.5,5118.6,"TP_40°C,87.5%SOC",NaN,NaN,NaN,NaN,NaN,NaN,NaN,NaN,NaN,NaN,NaN,NaN,NaN,2.78398294715964,NaN,NaN,NaN
40,313.15,1,100,5118.6,"TP_40°C,100%SOC",NaN,NaN,NaN,NaN,NaN,NaN,2.78626992590091,NaN,NaN,NaN,NaN,NaN,NaN,NaN,NaN,NaN,NaN
60,333.15,0,0,5118.6,"TP_60°C,0%SOC",NaN,NaN,NaN,NaN,NaN,NaN,NaN,NaN,NaN,NaN,NaN,NaN,NaN,NaN,2.90190586020904,NaN,NaN
60,333.15,0.5,50,5118.6,"TP_60°C,50%SOC",NaN,NaN,NaN,NaN,NaN,NaN,NaN,NaN,NaN,NaN,NaN,NaN,NaN,NaN,NaN,NaN,2.70451008160356
60,333.15,1,100,5118.6,"TP_60°C,100%SOC",NaN,NaN,NaN,NaN,NaN,NaN,NaN,NaN,NaN,NaN,NaN,NaN,NaN,NaN,NaN,2.62242393901541,NaN
0,273.15,0.5,50,5753.1,"TP_0°C,50%SOC",2.97039469081612,NaN,NaN,NaN,NaN,NaN,NaN,NaN,NaN,NaN,NaN,NaN,NaN,NaN,NaN,NaN,NaN
10,283.15,0.5,50,5753.1,"TP_10°C,50%SOC",NaN,2.95111775940241,NaN,NaN,NaN,NaN,NaN,NaN,NaN,NaN,NaN,NaN,NaN,NaN,NaN,NaN,NaN
25,298.15,0,0,5753.1,"TP_25°C,0%SOC",NaN,NaN,2.97273242259977,NaN,NaN,NaN,NaN,NaN,NaN,NaN,NaN,NaN,NaN,NaN,NaN,NaN,NaN
25,298.15,0.5,50,5753.1,"TP_25°C,50%SOC",NaN,NaN,NaN,NaN,2.92429617488237,NaN,NaN,NaN,NaN,NaN,NaN,NaN,NaN,NaN,NaN,NaN,NaN
25,298.15,1,100,5753.1,"TP_25°C,100%SOC",NaN,NaN,NaN,2.81754468296066,NaN,NaN,NaN,NaN,NaN,NaN,NaN,NaN,NaN,NaN,NaN,NaN,NaN
40,313.15,0,0,5753.1,"TP_40°C,0%SOC",NaN,NaN,NaN,NaN,NaN,2.95902279454768,NaN,NaN,NaN,NaN,NaN,NaN,NaN,NaN,NaN,NaN,NaN
40,313.15,0.125,12.5,5753.1,"TP_40°C,12.5%SOC",NaN,NaN,NaN,NaN,NaN,NaN,NaN,2.9244433250141,NaN,NaN,NaN,NaN,NaN,NaN,NaN,NaN,NaN
40,313.15,0.25,25,5753.1,"TP_40°C,25%SOC",NaN,NaN,NaN,NaN,NaN,NaN,NaN,NaN,2.89599857878134,NaN,NaN,NaN,NaN,NaN,NaN,NaN,NaN
40,313.15,0.375,37.5,5753.1,"TP_40°C,37.5%SOC",NaN,NaN,NaN,NaN,NaN,NaN,NaN,NaN,NaN,2.86135126238592,NaN,NaN,NaN,NaN,NaN,NaN,NaN
40,313.15,0.5,50,5753.1,"TP_40°C,50%SOC",NaN,NaN,NaN,NaN,NaN,NaN,NaN,NaN,NaN,NaN,2.86085917234156,NaN,NaN,NaN,NaN,NaN,NaN
40,313.15,0.625,62.5,5753.1,"TP_40°C,62.5%SOC",NaN,NaN,NaN,NaN,NaN,NaN,NaN,NaN,NaN,NaN,NaN,2.85362190544083,NaN,NaN,NaN,NaN,NaN
40,313.15,0.75,75,5753.1,"TP_40°C,75%SOC",NaN,NaN,NaN,NaN,NaN,NaN,NaN,NaN,NaN,NaN,NaN,NaN,2.82335386681587,NaN,NaN,NaN,NaN
40,313.15,0.875,87.5,5753.1,"TP_40°C,87.5%SOC",NaN,NaN,NaN,NaN,NaN,NaN,NaN,NaN,NaN,NaN,NaN,NaN,NaN,2.77321807555152,NaN,NaN,NaN
40,313.15,1,100,5753.1,"TP_40°C,100%SOC",NaN,NaN,NaN,NaN,NaN,NaN,2.77547115047887,NaN,NaN,NaN,NaN,NaN,NaN,NaN,NaN,NaN,NaN
60,333.15,0,0,5753.1,"TP_60°C,0%SOC",NaN,NaN,NaN,NaN,NaN,NaN,NaN,NaN,NaN,NaN,NaN,NaN,NaN,NaN,2.89405991913082,NaN,NaN
60,333.15,0.5,50,5753.1,"TP_60°C,50%SOC",NaN,NaN,NaN,NaN,NaN,NaN,NaN,NaN,NaN,NaN,NaN,NaN,NaN,NaN,NaN,NaN,2.6839395418023
60,333.15,1,100,5753.1,"TP_60°C,100%SOC",NaN,NaN,NaN,NaN,NaN,NaN,NaN,NaN,NaN,NaN,NaN,NaN,NaN,NaN,NaN,2.6009243078346,NaN
0,273.15,0.5,50,6388.1,"TP_0°C,50%SOC",2.96768680521628,NaN,NaN,NaN,NaN,NaN,NaN,NaN,NaN,NaN,NaN,NaN,NaN,NaN,NaN,NaN,NaN
10,283.15,0.5,50,6388.1,"TP_10°C,50%SOC",NaN,2.94707009146304,NaN,NaN,NaN,NaN,NaN,NaN,NaN,NaN,NaN,NaN,NaN,NaN,NaN,NaN,NaN
25,298.15,0,0,6388.1,"TP_25°C,0%SOC",NaN,NaN,2.97420827575053,NaN,NaN,NaN,NaN,NaN,NaN,NaN,NaN,NaN,NaN,NaN,NaN,NaN,NaN
25,298.15,0.5,50,6388.1,"TP_25°C,50%SOC",NaN,NaN,NaN,NaN,2.91847475558928,NaN,NaN,NaN,NaN,NaN,NaN,NaN,NaN,NaN,NaN,NaN,NaN
25,298.15,1,100,6388.1,"TP_25°C,100%SOC",NaN,NaN,NaN,2.80886617480379,NaN,NaN,NaN,NaN,NaN,NaN,NaN,NaN,NaN,NaN,NaN,NaN,NaN
40,313.15,0,0,6388.1,"TP_40°C,0%SOC",NaN,NaN,NaN,NaN,NaN,2.95868926281518,NaN,NaN,NaN,NaN,NaN,NaN,NaN,NaN,NaN,NaN,NaN
40,313.15,0.125,12.5,6388.1,"TP_40°C,12.5%SOC",NaN,NaN,NaN,NaN,NaN,NaN,NaN,2.9175581661245,NaN,NaN,NaN,NaN,NaN,NaN,NaN,NaN,NaN
40,313.15,0.25,25,6388.1,"TP_40°C,25%SOC",NaN,NaN,NaN,NaN,NaN,NaN,NaN,NaN,2.88806829293145,NaN,NaN,NaN,NaN,NaN,NaN,NaN,NaN
40,313.15,0.375,37.5,6388.1,"TP_40°C,37.5%SOC",NaN,NaN,NaN,NaN,NaN,NaN,NaN,NaN,NaN,2.85395550707285,NaN,NaN,NaN,NaN,NaN,NaN,NaN
40,313.15,0.5,50,6388.1,"TP_40°C,50%SOC",NaN,NaN,NaN,NaN,NaN,NaN,NaN,NaN,NaN,NaN,2.85206209166006,NaN,NaN,NaN,NaN,NaN,NaN
40,313.15,0.625,62.5,6388.1,"TP_40°C,62.5%SOC",NaN,NaN,NaN,NaN,NaN,NaN,NaN,NaN,NaN,NaN,NaN,2.84541214272435,NaN,NaN,NaN,NaN,NaN
40,313.15,0.75,75,6388.1,"TP_40°C,75%SOC",NaN,NaN,NaN,NaN,NaN,NaN,NaN,NaN,NaN,NaN,NaN,NaN,2.81685012264495,NaN,NaN,NaN,NaN
40,313.15,0.875,87.5,6388.1,"TP_40°C,87.5%SOC",NaN,NaN,NaN,NaN,NaN,NaN,NaN,NaN,NaN,NaN,NaN,NaN,NaN,2.76482340692044,NaN,NaN,NaN
40,313.15,1,100,6388.1,"TP_40°C,100%SOC",NaN,NaN,NaN,NaN,NaN,NaN,2.76585149128599,NaN,NaN,NaN,NaN,NaN,NaN,NaN,NaN,NaN,NaN
60,333.15,0,0,6388.1,"TP_60°C,0%SOC",NaN,NaN,NaN,NaN,NaN,NaN,NaN,NaN,NaN,NaN,NaN,NaN,NaN,NaN,2.89419803013934,NaN,NaN
60,333.15,0.5,50,6388.1,"TP_60°C,50%SOC",NaN,NaN,NaN,NaN,NaN,NaN,NaN,NaN,NaN,NaN,NaN,NaN,NaN,NaN,NaN,NaN,2.66311614685944
60,333.15,1,100,6388.1,"TP_60°C,100%SOC",NaN,NaN,NaN,NaN,NaN,NaN,NaN,NaN,NaN,NaN,NaN,NaN,NaN,NaN,NaN,2.57914734972377,NaN
0,273.15,0.5,50,7026.7,"TP_0°C,50%SOC",2.96668499794046,NaN,NaN,NaN,NaN,NaN,NaN,NaN,NaN,NaN,NaN,NaN,NaN,NaN,NaN,NaN,NaN
10,283.15,0.5,50,7026.7,"TP_10°C,50%SOC",NaN,2.94619285930769,NaN,NaN,NaN,NaN,NaN,NaN,NaN,NaN,NaN,NaN,NaN,NaN,NaN,NaN,NaN
25,298.15,0,0,7026.7,"TP_25°C,0%SOC",NaN,NaN,2.96915371899428,NaN,NaN,NaN,NaN,NaN,NaN,NaN,NaN,NaN,NaN,NaN,NaN,NaN,NaN
25,298.15,0.5,50,7026.7,"TP_25°C,50%SOC",NaN,NaN,NaN,NaN,2.91759865604794,NaN,NaN,NaN,NaN,NaN,NaN,NaN,NaN,NaN,NaN,NaN,NaN
25,298.15,1,100,7026.7,"TP_25°C,100%SOC",NaN,NaN,NaN,2.79855446179197,NaN,NaN,NaN,NaN,NaN,NaN,NaN,NaN,NaN,NaN,NaN,NaN,NaN
40,313.15,0,0,7026.7,"TP_40°C,0%SOC",NaN,NaN,NaN,NaN,NaN,2.95266203382302,NaN,NaN,NaN,NaN,NaN,NaN,NaN,NaN,NaN,NaN,NaN
40,313.15,0.125,12.5,7026.7,"TP_40°C,12.5%SOC",NaN,NaN,NaN,NaN,NaN,NaN,NaN,2.91271432604751,NaN,NaN,NaN,NaN,NaN,NaN,NaN,NaN,NaN
40,313.15,0.25,25,7026.7,"TP_40°C,25%SOC",NaN,NaN,NaN,NaN,NaN,NaN,NaN,NaN,2.88192250118991,NaN,NaN,NaN,NaN,NaN,NaN,NaN,NaN
40,313.15,0.375,37.5,7026.7,"TP_40°C,37.5%SOC",NaN,NaN,NaN,NaN,NaN,NaN,NaN,NaN,NaN,2.84524870714164,NaN,NaN,NaN,NaN,NaN,NaN,NaN
40,313.15,0.5,50,7026.7,"TP_40°C,50%SOC",NaN,NaN,NaN,NaN,NaN,NaN,NaN,NaN,NaN,NaN,2.8450704886893,NaN,NaN,NaN,NaN,NaN,NaN
40,313.15,0.625,62.5,7026.7,"TP_40°C,62.5%SOC",NaN,NaN,NaN,NaN,NaN,NaN,NaN,NaN,NaN,NaN,NaN,2.83813034523893,NaN,NaN,NaN,NaN,NaN
40,313.15,0.75,75,7026.7,"TP_40°C,75%SOC",NaN,NaN,NaN,NaN,NaN,NaN,NaN,NaN,NaN,NaN,NaN,NaN,2.80704420514774,NaN,NaN,NaN,NaN
40,313.15,0.875,87.5,7026.7,"TP_40°C,87.5%SOC",NaN,NaN,NaN,NaN,NaN,NaN,NaN,NaN,NaN,NaN,NaN,NaN,NaN,2.75363527474813,NaN,NaN,NaN
40,313.15,1,100,7026.7,"TP_40°C,100%SOC",NaN,NaN,NaN,NaN,NaN,NaN,2.7563519416635,NaN,NaN,NaN,NaN,NaN,NaN,NaN,NaN,NaN,NaN
60,333.15,0,0,7026.7,"TP_60°C,0%SOC",NaN,NaN,NaN,NaN,NaN,NaN,NaN,NaN,NaN,NaN,NaN,NaN,NaN,NaN,2.87656650690085,NaN,NaN
60,333.15,0.5,50,7026.7,"TP_60°C,50%SOC",NaN,NaN,NaN,NaN,NaN,NaN,NaN,NaN,NaN,NaN,NaN,NaN,NaN,NaN,NaN,NaN,2.64289182882817
60,333.15,1,100,7026.7,"TP_60°C,100%SOC",NaN,NaN,NaN,NaN,NaN,NaN,NaN,NaN,NaN,NaN,NaN,NaN,NaN,NaN,NaN,2.56146589940827,NaN
0,273.15,0.5,50,7663.4,"TP_0°C,50%SOC",2.96500105659552,NaN,NaN,NaN,NaN,NaN,NaN,NaN,NaN,NaN,NaN,NaN,NaN,NaN,NaN,NaN,NaN
10,283.15,0.5,50,7663.4,"TP_10°C,50%SOC",NaN,2.9441096486201,NaN,NaN,NaN,NaN,NaN,NaN,NaN,NaN,NaN,NaN,NaN,NaN,NaN,NaN,NaN
25,298.15,0,0,7663.4,"TP_25°C,0%SOC",NaN,NaN,2.96716279236208,NaN,NaN,NaN,NaN,NaN,NaN,NaN,NaN,NaN,NaN,NaN,NaN,NaN,NaN
25,298.15,0.5,50,7663.4,"TP_25°C,50%SOC",NaN,NaN,NaN,NaN,2.91445668426592,NaN,NaN,NaN,NaN,NaN,NaN,NaN,NaN,NaN,NaN,NaN,NaN
25,298.15,1,100,7663.4,"TP_25°C,100%SOC",NaN,NaN,NaN,2.78866810784854,NaN,NaN,NaN,NaN,NaN,NaN,NaN,NaN,NaN,NaN,NaN,NaN,NaN
40,313.15,0,0,7663.4,"TP_40°C,0%SOC",NaN,NaN,NaN,NaN,NaN,2.94967149683911,NaN,NaN,NaN,NaN,NaN,NaN,NaN,NaN,NaN,NaN,NaN
40,313.15,0.125,12.5,7663.4,"TP_40°C,12.5%SOC",NaN,NaN,NaN,NaN,NaN,NaN,NaN,2.90711411757997,NaN,NaN,NaN,NaN,NaN,NaN,NaN,NaN,NaN
40,313.15,0.25,25,7663.4,"TP_40°C,25%SOC",NaN,NaN,NaN,NaN,NaN,NaN,NaN,NaN,2.87692671312928,NaN,NaN,NaN,NaN,NaN,NaN,NaN,NaN
40,313.15,0.375,37.5,7663.4,"TP_40°C,37.5%SOC",NaN,NaN,NaN,NaN,NaN,NaN,NaN,NaN,NaN,2.83809573734448,NaN,NaN,NaN,NaN,NaN,NaN,NaN
40,313.15,0.5,50,7663.4,"TP_40°C,50%SOC",NaN,NaN,NaN,NaN,NaN,NaN,NaN,NaN,NaN,NaN,2.83774687033317,NaN,NaN,NaN,NaN,NaN,NaN
40,313.15,0.625,62.5,7663.4,"TP_40°C,62.5%SOC",NaN,NaN,NaN,NaN,NaN,NaN,NaN,NaN,NaN,NaN,NaN,2.83014804701446,NaN,NaN,NaN,NaN,NaN
40,313.15,0.75,75,7663.4,"TP_40°C,75%SOC",NaN,NaN,NaN,NaN,NaN,NaN,NaN,NaN,NaN,NaN,NaN,NaN,2.80185038637231,NaN,NaN,NaN,NaN
40,313.15,0.875,87.5,7663.4,"TP_40°C,87.5%SOC",NaN,NaN,NaN,NaN,NaN,NaN,NaN,NaN,NaN,NaN,NaN,NaN,NaN,2.74491559967219,NaN,NaN,NaN
40,313.15,1,100,7663.4,"TP_40°C,100%SOC",NaN,NaN,NaN,NaN,NaN,NaN,2.74786892830153,NaN,NaN,NaN,NaN,NaN,NaN,NaN,NaN,NaN,NaN
60,333.15,0,0,7663.4,"TP_60°C,0%SOC",NaN,NaN,NaN,NaN,NaN,NaN,NaN,NaN,NaN,NaN,NaN,NaN,NaN,NaN,2.86731880644848,NaN,NaN
60,333.15,0.5,50,7663.4,"TP_60°C,50%SOC",NaN,NaN,NaN,NaN,NaN,NaN,NaN,NaN,NaN,NaN,NaN,NaN,NaN,NaN,NaN,NaN,2.62464846027452
60,333.15,1,100,7663.4,"TP_60°C,100%SOC",NaN,NaN,NaN,NaN,NaN,NaN,NaN,NaN,NaN,NaN,NaN,NaN,NaN,NaN,NaN,2.54360132537163,NaN
0,273.15,0.5,50,8300.1,"TP_0°C,50%SOC",2.96380112341537,NaN,NaN,NaN,NaN,NaN,NaN,NaN,NaN,NaN,NaN,NaN,NaN,NaN,NaN,NaN,NaN
10,283.15,0.5,50,8300.1,"TP_10°C,50%SOC",NaN,2.943116692683,NaN,NaN,NaN,NaN,NaN,NaN,NaN,NaN,NaN,NaN,NaN,NaN,NaN,NaN,NaN
25,298.15,0,0,8300.1,"TP_25°C,0%SOC",NaN,NaN,2.96591064045195,NaN,NaN,NaN,NaN,NaN,NaN,NaN,NaN,NaN,NaN,NaN,NaN,NaN,NaN
25,298.15,0.5,50,8300.1,"TP_25°C,50%SOC",NaN,NaN,NaN,NaN,2.9121334183245,NaN,NaN,NaN,NaN,NaN,NaN,NaN,NaN,NaN,NaN,NaN,NaN
25,298.15,1,100,8300.1,"TP_25°C,100%SOC",NaN,NaN,NaN,2.7814245912565,NaN,NaN,NaN,NaN,NaN,NaN,NaN,NaN,NaN,NaN,NaN,NaN,NaN
40,313.15,0,0,8300.1,"TP_40°C,0%SOC",NaN,NaN,NaN,NaN,NaN,2.94678478001385,NaN,NaN,NaN,NaN,NaN,NaN,NaN,NaN,NaN,NaN,NaN
40,313.15,0.125,12.5,8300.1,"TP_40°C,12.5%SOC",NaN,NaN,NaN,NaN,NaN,NaN,NaN,2.90194525279269,NaN,NaN,NaN,NaN,NaN,NaN,NaN,NaN,NaN
40,313.15,0.25,25,8300.1,"TP_40°C,25%SOC",NaN,NaN,NaN,NaN,NaN,NaN,NaN,NaN,2.87079447489836,NaN,NaN,NaN,NaN,NaN,NaN,NaN,NaN
40,313.15,0.375,37.5,8300.1,"TP_40°C,37.5%SOC",NaN,NaN,NaN,NaN,NaN,NaN,NaN,NaN,NaN,2.83266275806325,NaN,NaN,NaN,NaN,NaN,NaN,NaN
40,313.15,0.5,50,8300.1,"TP_40°C,50%SOC",NaN,NaN,NaN,NaN,NaN,NaN,NaN,NaN,NaN,NaN,2.8320053196502,NaN,NaN,NaN,NaN,NaN,NaN
40,313.15,0.625,62.5,8300.1,"TP_40°C,62.5%SOC",NaN,NaN,NaN,NaN,NaN,NaN,NaN,NaN,NaN,NaN,NaN,2.82430391011962,NaN,NaN,NaN,NaN,NaN
40,313.15,0.75,75,8300.1,"TP_40°C,75%SOC",NaN,NaN,NaN,NaN,NaN,NaN,NaN,NaN,NaN,NaN,NaN,NaN,2.79331011984973,NaN,NaN,NaN,NaN
40,313.15,0.875,87.5,8300.1,"TP_40°C,87.5%SOC",NaN,NaN,NaN,NaN,NaN,NaN,NaN,NaN,NaN,NaN,NaN,NaN,NaN,2.73756212836943,NaN,NaN,NaN
40,313.15,1,100,8300.1,"TP_40°C,100%SOC",NaN,NaN,NaN,NaN,NaN,NaN,2.74042249266808,NaN,NaN,NaN,NaN,NaN,NaN,NaN,NaN,NaN,NaN
60,333.15,0,0,8300.1,"TP_60°C,0%SOC",NaN,NaN,NaN,NaN,NaN,NaN,NaN,NaN,NaN,NaN,NaN,NaN,NaN,NaN,2.85846775355589,NaN,NaN
60,333.15,0.5,50,8300.1,"TP_60°C,50%SOC",NaN,NaN,NaN,NaN,NaN,NaN,NaN,NaN,NaN,NaN,NaN,NaN,NaN,NaN,NaN,NaN,2.61095743104592
60,333.15,1,100,8300.1,"TP_60°C,100%SOC",NaN,NaN,NaN,NaN,NaN,NaN,NaN,NaN,NaN,NaN,NaN,NaN,NaN,NaN,NaN,2.52991580437002,NaN
0,273.15,0.5,50,9031.6,"TP_0°C,50%SOC",2.95698458679776,NaN,NaN,NaN,NaN,NaN,NaN,NaN,NaN,NaN,NaN,NaN,NaN,NaN,NaN,NaN,NaN
10,283.15,0.5,50,9031.6,"TP_10°C,50%SOC",NaN,2.93690629528863,NaN,NaN,NaN,NaN,NaN,NaN,NaN,NaN,NaN,NaN,NaN,NaN,NaN,NaN,NaN
25,298.15,0,0,9031.6,"TP_25°C,0%SOC",NaN,NaN,2.9607811096136,NaN,NaN,NaN,NaN,NaN,NaN,NaN,NaN,NaN,NaN,NaN,NaN,NaN,NaN
25,298.15,0.5,50,9031.6,"TP_25°C,50%SOC",NaN,NaN,NaN,NaN,2.90513937902036,NaN,NaN,NaN,NaN,NaN,NaN,NaN,NaN,NaN,NaN,NaN,NaN
25,298.15,1,100,9031.6,"TP_25°C,100%SOC",NaN,NaN,NaN,2.76979493787247,NaN,NaN,NaN,NaN,NaN,NaN,NaN,NaN,NaN,NaN,NaN,NaN,NaN
40,313.15,0,0,9031.6,"TP_40°C,0%SOC",NaN,NaN,NaN,NaN,NaN,2.93929676500226,NaN,NaN,NaN,NaN,NaN,NaN,NaN,NaN,NaN,NaN,NaN
40,313.15,0.125,12.5,9031.6,"TP_40°C,12.5%SOC",NaN,NaN,NaN,NaN,NaN,NaN,NaN,2.89194863143169,NaN,NaN,NaN,NaN,NaN,NaN,NaN,NaN,NaN
40,313.15,0.25,25,9031.6,"TP_40°C,25%SOC",NaN,NaN,NaN,NaN,NaN,NaN,NaN,NaN,2.85962669322762,NaN,NaN,NaN,NaN,NaN,NaN,NaN,NaN
40,313.15,0.375,37.5,9031.6,"TP_40°C,37.5%SOC",NaN,NaN,NaN,NaN,NaN,NaN,NaN,NaN,NaN,2.82174508782412,NaN,NaN,NaN,NaN,NaN,NaN,NaN
40,313.15,0.5,50,9031.6,"TP_40°C,50%SOC",NaN,NaN,NaN,NaN,NaN,NaN,NaN,NaN,NaN,NaN,2.82060513699998,NaN,NaN,NaN,NaN,NaN,NaN
40,313.15,0.625,62.5,9031.6,"TP_40°C,62.5%SOC",NaN,NaN,NaN,NaN,NaN,NaN,NaN,NaN,NaN,NaN,NaN,2.81387776952565,NaN,NaN,NaN,NaN,NaN
40,313.15,0.75,75,9031.6,"TP_40°C,75%SOC",NaN,NaN,NaN,NaN,NaN,NaN,NaN,NaN,NaN,NaN,NaN,NaN,2.78787555027406,NaN,NaN,NaN,NaN
40,313.15,0.875,87.5,9031.6,"TP_40°C,87.5%SOC",NaN,NaN,NaN,NaN,NaN,NaN,NaN,NaN,NaN,NaN,NaN,NaN,NaN,2.72936820319926,NaN,NaN,NaN
40,313.15,1,100,9031.6,"TP_40°C,100%SOC",NaN,NaN,NaN,NaN,NaN,NaN,2.73067152347033,NaN,NaN,NaN,NaN,NaN,NaN,NaN,NaN,NaN,NaN
60,333.15,0,0,9031.6,"TP_60°C,0%SOC",NaN,NaN,NaN,NaN,NaN,NaN,NaN,NaN,NaN,NaN,NaN,NaN,NaN,NaN,2.8412109538652,NaN,NaN
60,333.15,0.5,50,9031.6,"TP_60°C,50%SOC",NaN,NaN,NaN,NaN,NaN,NaN,NaN,NaN,NaN,NaN,NaN,NaN,NaN,NaN,NaN,NaN,2.59190744215712
60,333.15,1,100,9031.6,"TP_60°C,100%SOC",NaN,NaN,NaN,NaN,NaN,NaN,NaN,NaN,NaN,NaN,NaN,NaN,NaN,NaN,NaN,2.51153016296106,NaN
0,273.15,0.5,50,9665.8,"TP_0°C,50%SOC",2.95779563543141,NaN,NaN,NaN,NaN,NaN,NaN,NaN,NaN,NaN,NaN,NaN,NaN,NaN,NaN,NaN,NaN
10,283.15,0.5,50,9665.8,"TP_10°C,50%SOC",NaN,2.93631175475028,NaN,NaN,NaN,NaN,NaN,NaN,NaN,NaN,NaN,NaN,NaN,NaN,NaN,NaN,NaN
25,298.15,0,0,9665.8,"TP_25°C,0%SOC",NaN,NaN,2.96012435615525,NaN,NaN,NaN,NaN,NaN,NaN,NaN,NaN,NaN,NaN,NaN,NaN,NaN,NaN
25,298.15,0.5,50,9665.8,"TP_25°C,50%SOC",NaN,NaN,NaN,NaN,2.90264618242107,NaN,NaN,NaN,NaN,NaN,NaN,NaN,NaN,NaN,NaN,NaN,NaN
25,298.15,1,100,9665.8,"TP_25°C,100%SOC",NaN,NaN,NaN,2.76087888231205,NaN,NaN,NaN,NaN,NaN,NaN,NaN,NaN,NaN,NaN,NaN,NaN,NaN
40,313.15,0,0,9665.8,"TP_40°C,0%SOC",NaN,NaN,NaN,NaN,NaN,2.93767028290526,NaN,NaN,NaN,NaN,NaN,NaN,NaN,NaN,NaN,NaN,NaN
40,313.15,0.125,12.5,9665.8,"TP_40°C,12.5%SOC",NaN,NaN,NaN,NaN,NaN,NaN,NaN,2.88847994468534,NaN,NaN,NaN,NaN,NaN,NaN,NaN,NaN,NaN
40,313.15,0.25,25,9665.8,"TP_40°C,25%SOC",NaN,NaN,NaN,NaN,NaN,NaN,NaN,NaN,2.8553396418788,NaN,NaN,NaN,NaN,NaN,NaN,NaN,NaN
40,313.15,0.375,37.5,9665.8,"TP_40°C,37.5%SOC",NaN,NaN,NaN,NaN,NaN,NaN,NaN,NaN,NaN,2.81617189402308,NaN,NaN,NaN,NaN,NaN,NaN,NaN
40,313.15,0.5,50,9665.8,"TP_40°C,50%SOC",NaN,NaN,NaN,NaN,NaN,NaN,NaN,NaN,NaN,NaN,2.81525729814096,NaN,NaN,NaN,NaN,NaN,NaN
40,313.15,0.625,62.5,9665.8,"TP_40°C,62.5%SOC",NaN,NaN,NaN,NaN,NaN,NaN,NaN,NaN,NaN,NaN,NaN,2.80776357829081,NaN,NaN,NaN,NaN,NaN
40,313.15,0.75,75,9665.8,"TP_40°C,75%SOC",NaN,NaN,NaN,NaN,NaN,NaN,NaN,NaN,NaN,NaN,NaN,NaN,2.78041028588457,NaN,NaN,NaN,NaN
40,313.15,0.875,87.5,9665.8,"TP_40°C,87.5%SOC",NaN,NaN,NaN,NaN,NaN,NaN,NaN,NaN,NaN,NaN,NaN,NaN,NaN,2.72020701628137,NaN,NaN,NaN
40,313.15,1,100,9665.8,"TP_40°C,100%SOC",NaN,NaN,NaN,NaN,NaN,NaN,2.72233658020748,NaN,NaN,NaN,NaN,NaN,NaN,NaN,NaN,NaN,NaN
60,333.15,0,0,9665.8,"TP_60°C,0%SOC",NaN,NaN,NaN,NaN,NaN,NaN,NaN,NaN,NaN,NaN,NaN,NaN,NaN,NaN,2.8334308975282,NaN,NaN
60,333.15,0.5,50,9665.8,"TP_60°C,50%SOC",NaN,NaN,NaN,NaN,NaN,NaN,NaN,NaN,NaN,NaN,NaN,NaN,NaN,NaN,NaN,NaN,2.57786372961529
60,333.15,1,100,9665.8,"TP_60°C,100%SOC",NaN,NaN,NaN,NaN,NaN,NaN,NaN,NaN,NaN,NaN,NaN,NaN,NaN,NaN,NaN,2.49729937522747,NaN
0,273.15,0.5,50,10302,"TP_0°C,50%SOC",2.95674529630389,NaN,NaN,NaN,NaN,NaN,NaN,NaN,NaN,NaN,NaN,NaN,NaN,NaN,NaN,NaN,NaN
10,283.15,0.5,50,10302,"TP_10°C,50%SOC",NaN,2.93474024842446,NaN,NaN,NaN,NaN,NaN,NaN,NaN,NaN,NaN,NaN,NaN,NaN,NaN,NaN,NaN
25,298.15,0,0,10302,"TP_25°C,0%SOC",NaN,NaN,2.95836012928635,NaN,NaN,NaN,NaN,NaN,NaN,NaN,NaN,NaN,NaN,NaN,NaN,NaN,NaN
25,298.15,0.5,50,10302,"TP_25°C,50%SOC",NaN,NaN,NaN,NaN,2.89980162529789,NaN,NaN,NaN,NaN,NaN,NaN,NaN,NaN,NaN,NaN,NaN,NaN
25,298.15,1,100,10302,"TP_25°C,100%SOC",NaN,NaN,NaN,2.75351670051921,NaN,NaN,NaN,NaN,NaN,NaN,NaN,NaN,NaN,NaN,NaN,NaN,NaN
40,313.15,0,0,10302,"TP_40°C,0%SOC",NaN,NaN,NaN,NaN,NaN,2.93584928913963,NaN,NaN,NaN,NaN,NaN,NaN,NaN,NaN,NaN,NaN,NaN
40,313.15,0.125,12.5,10302,"TP_40°C,12.5%SOC",NaN,NaN,NaN,NaN,NaN,NaN,NaN,2.88372178742421,NaN,NaN,NaN,NaN,NaN,NaN,NaN,NaN,NaN
40,313.15,0.25,25,10302,"TP_40°C,25%SOC",NaN,NaN,NaN,NaN,NaN,NaN,NaN,NaN,2.85035728750016,NaN,NaN,NaN,NaN,NaN,NaN,NaN,NaN
40,313.15,0.375,37.5,10302,"TP_40°C,37.5%SOC",NaN,NaN,NaN,NaN,NaN,NaN,NaN,NaN,NaN,2.80979216184287,NaN,NaN,NaN,NaN,NaN,NaN,NaN
40,313.15,0.5,50,10302,"TP_40°C,50%SOC",NaN,NaN,NaN,NaN,NaN,NaN,NaN,NaN,NaN,NaN,2.80893840283054,NaN,NaN,NaN,NaN,NaN,NaN
40,313.15,0.625,62.5,10302,"TP_40°C,62.5%SOC",NaN,NaN,NaN,NaN,NaN,NaN,NaN,NaN,NaN,NaN,NaN,2.80177584038607,NaN,NaN,NaN,NaN,NaN
40,313.15,0.75,75,10302,"TP_40°C,75%SOC",NaN,NaN,NaN,NaN,NaN,NaN,NaN,NaN,NaN,NaN,NaN,NaN,2.77372172149623,NaN,NaN,NaN,NaN
40,313.15,0.875,87.5,10302,"TP_40°C,87.5%SOC",NaN,NaN,NaN,NaN,NaN,NaN,NaN,NaN,NaN,NaN,NaN,NaN,NaN,2.7128119144608,NaN,NaN,NaN
40,313.15,1,100,10302,"TP_40°C,100%SOC",NaN,NaN,NaN,NaN,NaN,NaN,2.71531254863028,NaN,NaN,NaN,NaN,NaN,NaN,NaN,NaN,NaN,NaN
60,333.15,0,0,10302,"TP_60°C,0%SOC",NaN,NaN,NaN,NaN,NaN,NaN,NaN,NaN,NaN,NaN,NaN,NaN,NaN,NaN,2.82509794324031,NaN,NaN
60,333.15,0.5,50,10302,"TP_60°C,50%SOC",NaN,NaN,NaN,NaN,NaN,NaN,NaN,NaN,NaN,NaN,NaN,NaN,NaN,NaN,NaN,NaN,2.56608332647691
60,333.15,1,100,10302,"TP_60°C,100%SOC",NaN,NaN,NaN,NaN,NaN,NaN,NaN,NaN,NaN,NaN,NaN,NaN,NaN,NaN,NaN,2.48464792464254,NaN
0,273.15,0.5,50,10939,"TP_0°C,50%SOC",2.95472741524477,NaN,NaN,NaN,NaN,NaN,NaN,NaN,NaN,NaN,NaN,NaN,NaN,NaN,NaN,NaN,NaN
10,283.15,0.5,50,10939,"TP_10°C,50%SOC",NaN,2.93326683130805,NaN,NaN,NaN,NaN,NaN,NaN,NaN,NaN,NaN,NaN,NaN,NaN,NaN,NaN,NaN
25,298.15,0,0,10939,"TP_25°C,0%SOC",NaN,NaN,2.9571845682343,NaN,NaN,NaN,NaN,NaN,NaN,NaN,NaN,NaN,NaN,NaN,NaN,NaN,NaN
25,298.15,0.5,50,10939,"TP_25°C,50%SOC",NaN,NaN,NaN,NaN,2.89470837900982,NaN,NaN,NaN,NaN,NaN,NaN,NaN,NaN,NaN,NaN,NaN,NaN
25,298.15,1,100,10939,"TP_25°C,100%SOC",NaN,NaN,NaN,2.74326559795092,NaN,NaN,NaN,NaN,NaN,NaN,NaN,NaN,NaN,NaN,NaN,NaN,NaN
40,313.15,0,0,10939,"TP_40°C,0%SOC",NaN,NaN,NaN,NaN,NaN,2.93317548636601,NaN,NaN,NaN,NaN,NaN,NaN,NaN,NaN,NaN,NaN,NaN
40,313.15,0.125,12.5,10939,"TP_40°C,12.5%SOC",NaN,NaN,NaN,NaN,NaN,NaN,NaN,2.87869786776903,NaN,NaN,NaN,NaN,NaN,NaN,NaN,NaN,NaN
40,313.15,0.25,25,10939,"TP_40°C,25%SOC",NaN,NaN,NaN,NaN,NaN,NaN,NaN,NaN,2.84488255150425,NaN,NaN,NaN,NaN,NaN,NaN,NaN,NaN
40,313.15,0.375,37.5,10939,"TP_40°C,37.5%SOC",NaN,NaN,NaN,NaN,NaN,NaN,NaN,NaN,NaN,2.80372976025677,NaN,NaN,NaN,NaN,NaN,NaN,NaN
40,313.15,0.5,50,10939,"TP_40°C,50%SOC",NaN,NaN,NaN,NaN,NaN,NaN,NaN,NaN,NaN,NaN,2.80236478854221,NaN,NaN,NaN,NaN,NaN,NaN
40,313.15,0.625,62.5,10939,"TP_40°C,62.5%SOC",NaN,NaN,NaN,NaN,NaN,NaN,NaN,NaN,NaN,NaN,NaN,2.79477493029424,NaN,NaN,NaN,NaN,NaN
40,313.15,0.75,75,10939,"TP_40°C,75%SOC",NaN,NaN,NaN,NaN,NaN,NaN,NaN,NaN,NaN,NaN,NaN,NaN,2.76945765527354,NaN,NaN,NaN,NaN
40,313.15,0.875,87.5,10939,"TP_40°C,87.5%SOC",NaN,NaN,NaN,NaN,NaN,NaN,NaN,NaN,NaN,NaN,NaN,NaN,NaN,2.70498333282712,NaN,NaN,NaN
40,313.15,1,100,10939,"TP_40°C,100%SOC",NaN,NaN,NaN,NaN,NaN,NaN,2.70902111807689,NaN,NaN,NaN,NaN,NaN,NaN,NaN,NaN,NaN,NaN
60,333.15,0,0,10939,"TP_60°C,0%SOC",NaN,NaN,NaN,NaN,NaN,NaN,NaN,NaN,NaN,NaN,NaN,NaN,NaN,NaN,2.81607831247043,NaN,NaN
60,333.15,0.5,50,10939,"TP_60°C,50%SOC",NaN,NaN,NaN,NaN,NaN,NaN,NaN,NaN,NaN,NaN,NaN,NaN,NaN,NaN,NaN,NaN,2.55509551227479
60,333.15,1,100,10939,"TP_60°C,100%SOC",NaN,NaN,NaN,NaN,NaN,NaN,NaN,NaN,NaN,NaN,NaN,NaN,NaN,NaN,NaN,2.47321183589507,NaN
0,273.15,0.5,50,11575,"TP_0°C,50%SOC",2.95346787385952,NaN,NaN,NaN,NaN,NaN,NaN,NaN,NaN,NaN,NaN,NaN,NaN,NaN,NaN,NaN,NaN
10,283.15,0.5,50,11575,"TP_10°C,50%SOC",NaN,2.93139222176062,NaN,NaN,NaN,NaN,NaN,NaN,NaN,NaN,NaN,NaN,NaN,NaN,NaN,NaN,NaN
25,298.15,0,0,11575,"TP_25°C,0%SOC",NaN,NaN,2.95570116737193,NaN,NaN,NaN,NaN,NaN,NaN,NaN,NaN,NaN,NaN,NaN,NaN,NaN,NaN
25,298.15,0.5,50,11575,"TP_25°C,50%SOC",NaN,NaN,NaN,NaN,2.89196664088605,NaN,NaN,NaN,NaN,NaN,NaN,NaN,NaN,NaN,NaN,NaN,NaN
25,298.15,1,100,11575,"TP_25°C,100%SOC",NaN,NaN,NaN,2.73677113620812,NaN,NaN,NaN,NaN,NaN,NaN,NaN,NaN,NaN,NaN,NaN,NaN,NaN
40,313.15,0,0,11575,"TP_40°C,0%SOC",NaN,NaN,NaN,NaN,NaN,2.93041926241196,NaN,NaN,NaN,NaN,NaN,NaN,NaN,NaN,NaN,NaN,NaN
40,313.15,0.125,12.5,11575,"TP_40°C,12.5%SOC",NaN,NaN,NaN,NaN,NaN,NaN,NaN,2.87325162667446,NaN,NaN,NaN,NaN,NaN,NaN,NaN,NaN,NaN
40,313.15,0.25,25,11575,"TP_40°C,25%SOC",NaN,NaN,NaN,NaN,NaN,NaN,NaN,NaN,2.83877939442901,NaN,NaN,NaN,NaN,NaN,NaN,NaN,NaN
40,313.15,0.375,37.5,11575,"TP_40°C,37.5%SOC",NaN,NaN,NaN,NaN,NaN,NaN,NaN,NaN,NaN,2.79756307758489,NaN,NaN,NaN,NaN,NaN,NaN,NaN
40,313.15,0.5,50,11575,"TP_40°C,50%SOC",NaN,NaN,NaN,NaN,NaN,NaN,NaN,NaN,NaN,NaN,2.79476556167363,NaN,NaN,NaN,NaN,NaN,NaN
40,313.15,0.625,62.5,11575,"TP_40°C,62.5%SOC",NaN,NaN,NaN,NaN,NaN,NaN,NaN,NaN,NaN,NaN,NaN,2.7892180665391,NaN,NaN,NaN,NaN,NaN
40,313.15,0.75,75,11575,"TP_40°C,75%SOC",NaN,NaN,NaN,NaN,NaN,NaN,NaN,NaN,NaN,NaN,NaN,NaN,2.76309607460062,NaN,NaN,NaN,NaN
40,313.15,0.875,87.5,11575,"TP_40°C,87.5%SOC",NaN,NaN,NaN,NaN,NaN,NaN,NaN,NaN,NaN,NaN,NaN,NaN,NaN,2.69782190596384,NaN,NaN,NaN
40,313.15,1,100,11575,"TP_40°C,100%SOC",NaN,NaN,NaN,NaN,NaN,NaN,2.70156453545954,NaN,NaN,NaN,NaN,NaN,NaN,NaN,NaN,NaN,NaN
60,333.15,0,0,11575,"TP_60°C,0%SOC",NaN,NaN,NaN,NaN,NaN,NaN,NaN,NaN,NaN,NaN,NaN,NaN,NaN,NaN,2.80599090638696,NaN,NaN
60,333.15,0.5,50,11575,"TP_60°C,50%SOC",NaN,NaN,NaN,NaN,NaN,NaN,NaN,NaN,NaN,NaN,NaN,NaN,NaN,NaN,NaN,NaN,2.54236520130719
60,333.15,1,100,11575,"TP_60°C,100%SOC",NaN,NaN,NaN,NaN,NaN,NaN,NaN,NaN,NaN,NaN,NaN,NaN,NaN,NaN,NaN,2.46019696783876,NaN
0,273.15,0.5,50,12211,"TP_0°C,50%SOC",2.95173609387575,NaN,NaN,NaN,NaN,NaN,NaN,NaN,NaN,NaN,NaN,NaN,NaN,NaN,NaN,NaN,NaN
10,283.15,0.5,50,12211,"TP_10°C,50%SOC",NaN,2.92987069908431,NaN,NaN,NaN,NaN,NaN,NaN,NaN,NaN,NaN,NaN,NaN,NaN,NaN,NaN,NaN
25,298.15,0,0,12211,"TP_25°C,0%SOC",NaN,NaN,2.95427538176763,NaN,NaN,NaN,NaN,NaN,NaN,NaN,NaN,NaN,NaN,NaN,NaN,NaN,NaN
25,298.15,0.5,50,12211,"TP_25°C,50%SOC",NaN,NaN,NaN,NaN,2.88960681333003,NaN,NaN,NaN,NaN,NaN,NaN,NaN,NaN,NaN,NaN,NaN,NaN
25,298.15,1,100,12211,"TP_25°C,100%SOC",NaN,NaN,NaN,2.72915108152826,NaN,NaN,NaN,NaN,NaN,NaN,NaN,NaN,NaN,NaN,NaN,NaN,NaN
40,313.15,0,0,12211,"TP_40°C,0%SOC",NaN,NaN,NaN,NaN,NaN,2.92802764702082,NaN,NaN,NaN,NaN,NaN,NaN,NaN,NaN,NaN,NaN,NaN
40,313.15,0.125,12.5,12211,"TP_40°C,12.5%SOC",NaN,NaN,NaN,NaN,NaN,NaN,NaN,2.86839777861528,NaN,NaN,NaN,NaN,NaN,NaN,NaN,NaN,NaN
40,313.15,0.25,25,12211,"TP_40°C,25%SOC",NaN,NaN,NaN,NaN,NaN,NaN,NaN,NaN,2.83308175738204,NaN,NaN,NaN,NaN,NaN,NaN,NaN,NaN
40,313.15,0.375,37.5,12211,"TP_40°C,37.5%SOC",NaN,NaN,NaN,NaN,NaN,NaN,NaN,NaN,NaN,2.79163934478268,NaN,NaN,NaN,NaN,NaN,NaN,NaN
40,313.15,0.5,50,12211,"TP_40°C,50%SOC",NaN,NaN,NaN,NaN,NaN,NaN,NaN,NaN,NaN,NaN,2.78920391550237,NaN,NaN,NaN,NaN,NaN,NaN
40,313.15,0.625,62.5,12211,"TP_40°C,62.5%SOC",NaN,NaN,NaN,NaN,NaN,NaN,NaN,NaN,NaN,NaN,NaN,2.78225812798921,NaN,NaN,NaN,NaN,NaN
40,313.15,0.75,75,12211,"TP_40°C,75%SOC",NaN,NaN,NaN,NaN,NaN,NaN,NaN,NaN,NaN,NaN,NaN,NaN,2.75671006528925,NaN,NaN,NaN,NaN
40,313.15,0.875,87.5,12211,"TP_40°C,87.5%SOC",NaN,NaN,NaN,NaN,NaN,NaN,NaN,NaN,NaN,NaN,NaN,NaN,NaN,2.69099271008135,NaN,NaN,NaN
40,313.15,1,100,12211,"TP_40°C,100%SOC",NaN,NaN,NaN,NaN,NaN,NaN,2.69496212510153,NaN,NaN,NaN,NaN,NaN,NaN,NaN,NaN,NaN,NaN
60,333.15,0,0,12211,"TP_60°C,0%SOC",NaN,NaN,NaN,NaN,NaN,NaN,NaN,NaN,NaN,NaN,NaN,NaN,NaN,NaN,2.79648584263619,NaN,NaN
60,333.15,0.5,50,12211,"TP_60°C,50%SOC",NaN,NaN,NaN,NaN,NaN,NaN,NaN,NaN,NaN,NaN,NaN,NaN,NaN,NaN,NaN,NaN,2.53182818267944
60,333.15,1,100,12211,"TP_60°C,100%SOC",NaN,NaN,NaN,NaN,NaN,NaN,NaN,NaN,NaN,NaN,NaN,NaN,NaN,NaN,NaN,2.44792990532979,NaN
0,273.15,0.5,50,12844,"TP_0°C,50%SOC",2.94995873451384,NaN,NaN,NaN,NaN,NaN,NaN,NaN,NaN,NaN,NaN,NaN,NaN,NaN,NaN,NaN,NaN
10,283.15,0.5,50,12844,"TP_10°C,50%SOC",NaN,2.92785132351599,NaN,NaN,NaN,NaN,NaN,NaN,NaN,NaN,NaN,NaN,NaN,NaN,NaN,NaN,NaN
25,298.15,0,0,12844,"TP_25°C,0%SOC",NaN,NaN,2.94909469420461,NaN,NaN,NaN,NaN,NaN,NaN,NaN,NaN,NaN,NaN,NaN,NaN,NaN,NaN
25,298.15,0.5,50,12844,"TP_25°C,50%SOC",NaN,NaN,NaN,NaN,2.88676699536235,NaN,NaN,NaN,NaN,NaN,NaN,NaN,NaN,NaN,NaN,NaN,NaN
25,298.15,1,100,12844,"TP_25°C,100%SOC",NaN,NaN,NaN,2.72429189980375,NaN,NaN,NaN,NaN,NaN,NaN,NaN,NaN,NaN,NaN,NaN,NaN,NaN
40,313.15,0,0,12844,"TP_40°C,0%SOC",NaN,NaN,NaN,NaN,NaN,2.92404020773476,NaN,NaN,NaN,NaN,NaN,NaN,NaN,NaN,NaN,NaN,NaN
40,313.15,0.125,12.5,12844,"TP_40°C,12.5%SOC",NaN,NaN,NaN,NaN,NaN,NaN,NaN,2.86307937229944,NaN,NaN,NaN,NaN,NaN,NaN,NaN,NaN,NaN
40,313.15,0.25,25,12844,"TP_40°C,25%SOC",NaN,NaN,NaN,NaN,NaN,NaN,NaN,NaN,2.82856550858766,NaN,NaN,NaN,NaN,NaN,NaN,NaN,NaN
40,313.15,0.375,37.5,12844,"TP_40°C,37.5%SOC",NaN,NaN,NaN,NaN,NaN,NaN,NaN,NaN,NaN,2.78351009689924,NaN,NaN,NaN,NaN,NaN,NaN,NaN
40,313.15,0.5,50,12844,"TP_40°C,50%SOC",NaN,NaN,NaN,NaN,NaN,NaN,NaN,NaN,NaN,NaN,2.78487941707447,NaN,NaN,NaN,NaN,NaN,NaN
40,313.15,0.625,62.5,12844,"TP_40°C,62.5%SOC",NaN,NaN,NaN,NaN,NaN,NaN,NaN,NaN,NaN,NaN,NaN,2.77654248433989,NaN,NaN,NaN,NaN,NaN
40,313.15,0.75,75,12844,"TP_40°C,75%SOC",NaN,NaN,NaN,NaN,NaN,NaN,NaN,NaN,NaN,NaN,NaN,NaN,2.7508985784551,NaN,NaN,NaN,NaN
40,313.15,0.875,87.5,12844,"TP_40°C,87.5%SOC",NaN,NaN,NaN,NaN,NaN,NaN,NaN,NaN,NaN,NaN,NaN,NaN,NaN,2.68478596398507,NaN,NaN,NaN
40,313.15,1,100,12844,"TP_40°C,100%SOC",NaN,NaN,NaN,NaN,NaN,NaN,2.68731804834882,NaN,NaN,NaN,NaN,NaN,NaN,NaN,NaN,NaN,NaN
60,333.15,0,0,12844,"TP_60°C,0%SOC",NaN,NaN,NaN,NaN,NaN,NaN,NaN,NaN,NaN,NaN,NaN,NaN,NaN,NaN,2.78647494161409,NaN,NaN
60,333.15,0.5,50,12844,"TP_60°C,50%SOC",NaN,NaN,NaN,NaN,NaN,NaN,NaN,NaN,NaN,NaN,NaN,NaN,NaN,NaN,NaN,NaN,2.52053554799024
60,333.15,1,100,12844,"TP_60°C,100%SOC",NaN,NaN,NaN,NaN,NaN,NaN,NaN,NaN,NaN,NaN,NaN,NaN,NaN,NaN,NaN,2.4358440909181,NaN
0,273.15,0.5,50,13481,"TP_0°C,50%SOC",2.94888420871833,NaN,NaN,NaN,NaN,NaN,NaN,NaN,NaN,NaN,NaN,NaN,NaN,NaN,NaN,NaN,NaN
10,283.15,0.5,50,13481,"TP_10°C,50%SOC",NaN,2.92630124080085,NaN,NaN,NaN,NaN,NaN,NaN,NaN,NaN,NaN,NaN,NaN,NaN,NaN,NaN,NaN
25,298.15,0,0,13481,"TP_25°C,0%SOC",NaN,NaN,2.95111811752761,NaN,NaN,NaN,NaN,NaN,NaN,NaN,NaN,NaN,NaN,NaN,NaN,NaN,NaN
25,298.15,0.5,50,13481,"TP_25°C,50%SOC",NaN,NaN,NaN,NaN,2.88399656395725,NaN,NaN,NaN,NaN,NaN,NaN,NaN,NaN,NaN,NaN,NaN,NaN
25,298.15,1,100,13481,"TP_25°C,100%SOC",NaN,NaN,NaN,2.71689957775423,NaN,NaN,NaN,NaN,NaN,NaN,NaN,NaN,NaN,NaN,NaN,NaN,NaN
40,313.15,0,0,13481,"TP_40°C,0%SOC",NaN,NaN,NaN,NaN,NaN,2.92291858899488,NaN,NaN,NaN,NaN,NaN,NaN,NaN,NaN,NaN,NaN,NaN
40,313.15,0.125,12.5,13481,"TP_40°C,12.5%SOC",NaN,NaN,NaN,NaN,NaN,NaN,NaN,2.85919900325859,NaN,NaN,NaN,NaN,NaN,NaN,NaN,NaN,NaN
40,313.15,0.25,25,13481,"TP_40°C,25%SOC",NaN,NaN,NaN,NaN,NaN,NaN,NaN,NaN,2.82234770873289,NaN,NaN,NaN,NaN,NaN,NaN,NaN,NaN
40,313.15,0.375,37.5,13481,"TP_40°C,37.5%SOC",NaN,NaN,NaN,NaN,NaN,NaN,NaN,NaN,NaN,2.77892760931277,NaN,NaN,NaN,NaN,NaN,NaN,NaN
40,313.15,0.5,50,13481,"TP_40°C,50%SOC",NaN,NaN,NaN,NaN,NaN,NaN,NaN,NaN,NaN,NaN,2.77800720584352,NaN,NaN,NaN,NaN,NaN,NaN
40,313.15,0.625,62.5,13481,"TP_40°C,62.5%SOC",NaN,NaN,NaN,NaN,NaN,NaN,NaN,NaN,NaN,NaN,NaN,2.76973592989104,NaN,NaN,NaN,NaN,NaN
40,313.15,0.75,75,13481,"TP_40°C,75%SOC",NaN,NaN,NaN,NaN,NaN,NaN,NaN,NaN,NaN,NaN,NaN,NaN,2.74216131529618,NaN,NaN,NaN,NaN
40,313.15,0.875,87.5,13481,"TP_40°C,87.5%SOC",NaN,NaN,NaN,NaN,NaN,NaN,NaN,NaN,NaN,NaN,NaN,NaN,NaN,2.67848862364132,NaN,NaN,NaN
40,313.15,1,100,13481,"TP_40°C,100%SOC",NaN,NaN,NaN,NaN,NaN,NaN,2.68103647244215,NaN,NaN,NaN,NaN,NaN,NaN,NaN,NaN,NaN,NaN
60,333.15,0,0,13481,"TP_60°C,0%SOC",NaN,NaN,NaN,NaN,NaN,NaN,NaN,NaN,NaN,NaN,NaN,NaN,NaN,NaN,2.77635672741564,NaN,NaN
60,333.15,0.5,50,13481,"TP_60°C,50%SOC",NaN,NaN,NaN,NaN,NaN,NaN,NaN,NaN,NaN,NaN,NaN,NaN,NaN,NaN,NaN,NaN,2.5097973470442
60,333.15,1,100,13481,"TP_60°C,100%SOC",NaN,NaN,NaN,NaN,NaN,NaN,NaN,NaN,NaN,NaN,NaN,NaN,NaN,NaN,NaN,2.42411618686404,NaN
0,273.15,0.5,50,14119,"TP_0°C,50%SOC",2.94778239293184,NaN,NaN,NaN,NaN,NaN,NaN,NaN,NaN,NaN,NaN,NaN,NaN,NaN,NaN,NaN,NaN
10,283.15,0.5,50,14119,"TP_10°C,50%SOC",NaN,2.92440687958176,NaN,NaN,NaN,NaN,NaN,NaN,NaN,NaN,NaN,NaN,NaN,NaN,NaN,NaN,NaN
25,298.15,0,0,14119,"TP_25°C,0%SOC",NaN,NaN,2.94975208570381,NaN,NaN,NaN,NaN,NaN,NaN,NaN,NaN,NaN,NaN,NaN,NaN,NaN,NaN
25,298.15,0.5,50,14119,"TP_25°C,50%SOC",NaN,NaN,NaN,NaN,2.88107644115878,NaN,NaN,NaN,NaN,NaN,NaN,NaN,NaN,NaN,NaN,NaN,NaN
25,298.15,1,100,14119,"TP_25°C,100%SOC",NaN,NaN,NaN,2.7109830279297,NaN,NaN,NaN,NaN,NaN,NaN,NaN,NaN,NaN,NaN,NaN,NaN,NaN
40,313.15,0,0,14119,"TP_40°C,0%SOC",NaN,NaN,NaN,NaN,NaN,2.92006944108881,NaN,NaN,NaN,NaN,NaN,NaN,NaN,NaN,NaN,NaN,NaN
40,313.15,0.125,12.5,14119,"TP_40°C,12.5%SOC",NaN,NaN,NaN,NaN,NaN,NaN,NaN,2.85396060159898,NaN,NaN,NaN,NaN,NaN,NaN,NaN,NaN,NaN
40,313.15,0.25,25,14119,"TP_40°C,25%SOC",NaN,NaN,NaN,NaN,NaN,NaN,NaN,NaN,2.81718081943637,NaN,NaN,NaN,NaN,NaN,NaN,NaN,NaN
40,313.15,0.375,37.5,14119,"TP_40°C,37.5%SOC",NaN,NaN,NaN,NaN,NaN,NaN,NaN,NaN,NaN,2.7732502850305,NaN,NaN,NaN,NaN,NaN,NaN,NaN
40,313.15,0.5,50,14119,"TP_40°C,50%SOC",NaN,NaN,NaN,NaN,NaN,NaN,NaN,NaN,NaN,NaN,2.77225856618105,NaN,NaN,NaN,NaN,NaN,NaN
40,313.15,0.625,62.5,14119,"TP_40°C,62.5%SOC",NaN,NaN,NaN,NaN,NaN,NaN,NaN,NaN,NaN,NaN,NaN,2.76380648104107,NaN,NaN,NaN,NaN,NaN
40,313.15,0.75,75,14119,"TP_40°C,75%SOC",NaN,NaN,NaN,NaN,NaN,NaN,NaN,NaN,NaN,NaN,NaN,NaN,2.73623290132901,NaN,NaN,NaN,NaN
40,313.15,0.875,87.5,14119,"TP_40°C,87.5%SOC",NaN,NaN,NaN,NaN,NaN,NaN,NaN,NaN,NaN,NaN,NaN,NaN,NaN,2.67214762660159,NaN,NaN,NaN
40,313.15,1,100,14119,"TP_40°C,100%SOC",NaN,NaN,NaN,NaN,NaN,NaN,2.67455066247168,NaN,NaN,NaN,NaN,NaN,NaN,NaN,NaN,NaN,NaN
60,333.15,0,0,14119,"TP_60°C,0%SOC",NaN,NaN,NaN,NaN,NaN,NaN,NaN,NaN,NaN,NaN,NaN,NaN,NaN,NaN,2.7656082718895,NaN,NaN
60,333.15,0.5,50,14119,"TP_60°C,50%SOC",NaN,NaN,NaN,NaN,NaN,NaN,NaN,NaN,NaN,NaN,NaN,NaN,NaN,NaN,NaN,NaN,2.49884695615291
60,333.15,1,100,14119,"TP_60°C,100%SOC",NaN,NaN,NaN,NaN,NaN,NaN,NaN,NaN,NaN,NaN,NaN,NaN,NaN,NaN,NaN,2.4127928559198,NaN
0,273.15,0.5,50,14695,"TP_0°C,50%SOC",2.94440109599324,NaN,NaN,NaN,NaN,NaN,NaN,NaN,NaN,NaN,NaN,NaN,NaN,NaN,NaN,NaN,NaN
10,283.15,0.5,50,14695,"TP_10°C,50%SOC",NaN,2.92175347081323,NaN,NaN,NaN,NaN,NaN,NaN,NaN,NaN,NaN,NaN,NaN,NaN,NaN,NaN,NaN
25,298.15,0,0,14695,"TP_25°C,0%SOC",NaN,NaN,2.94801419714693,NaN,NaN,NaN,NaN,NaN,NaN,NaN,NaN,NaN,NaN,NaN,NaN,NaN,NaN
25,298.15,0.5,50,14695,"TP_25°C,50%SOC",NaN,NaN,NaN,NaN,2.87848479916891,NaN,NaN,NaN,NaN,NaN,NaN,NaN,NaN,NaN,NaN,NaN,NaN
25,298.15,1,100,14695,"TP_25°C,100%SOC",NaN,NaN,NaN,2.70508880710757,NaN,NaN,NaN,NaN,NaN,NaN,NaN,NaN,NaN,NaN,NaN,NaN,NaN
40,313.15,0,0,14695,"TP_40°C,0%SOC",NaN,NaN,NaN,NaN,NaN,2.91709105994244,NaN,NaN,NaN,NaN,NaN,NaN,NaN,NaN,NaN,NaN,NaN
40,313.15,0.125,12.5,14695,"TP_40°C,12.5%SOC",NaN,NaN,NaN,NaN,NaN,NaN,NaN,2.84883424129114,NaN,NaN,NaN,NaN,NaN,NaN,NaN,NaN,NaN
40,313.15,0.25,25,14695,"TP_40°C,25%SOC",NaN,NaN,NaN,NaN,NaN,NaN,NaN,NaN,2.81216044323106,NaN,NaN,NaN,NaN,NaN,NaN,NaN,NaN
40,313.15,0.375,37.5,14695,"TP_40°C,37.5%SOC",NaN,NaN,NaN,NaN,NaN,NaN,NaN,NaN,NaN,2.76716125368205,NaN,NaN,NaN,NaN,NaN,NaN,NaN
40,313.15,0.5,50,14695,"TP_40°C,50%SOC",NaN,NaN,NaN,NaN,NaN,NaN,NaN,NaN,NaN,NaN,2.76634845490801,NaN,NaN,NaN,NaN,NaN,NaN
40,313.15,0.625,62.5,14695,"TP_40°C,62.5%SOC",NaN,NaN,NaN,NaN,NaN,NaN,NaN,NaN,NaN,NaN,NaN,2.7586414158785,NaN,NaN,NaN,NaN,NaN
40,313.15,0.75,75,14695,"TP_40°C,75%SOC",NaN,NaN,NaN,NaN,NaN,NaN,NaN,NaN,NaN,NaN,NaN,NaN,2.73024997037619,NaN,NaN,NaN,NaN
40,313.15,0.875,87.5,14695,"TP_40°C,87.5%SOC",NaN,NaN,NaN,NaN,NaN,NaN,NaN,NaN,NaN,NaN,NaN,NaN,NaN,2.666180857543,NaN,NaN,NaN
40,313.15,1,100,14695,"TP_40°C,100%SOC",NaN,NaN,NaN,NaN,NaN,NaN,2.66883439703043,NaN,NaN,NaN,NaN,NaN,NaN,NaN,NaN,NaN,NaN
60,333.15,0,0,14695,"TP_60°C,0%SOC",NaN,NaN,NaN,NaN,NaN,NaN,NaN,NaN,NaN,NaN,NaN,NaN,NaN,NaN,2.75568269023001,NaN,NaN
60,333.15,0.5,50,14695,"TP_60°C,50%SOC",NaN,NaN,NaN,NaN,NaN,NaN,NaN,NaN,NaN,NaN,NaN,NaN,NaN,NaN,NaN,NaN,2.48820958965576
60,333.15,1,100,14695,"TP_60°C,100%SOC",NaN,NaN,NaN,NaN,NaN,NaN,NaN,NaN,NaN,NaN,NaN,NaN,NaN,NaN,NaN,2.4022289765101,NaN
0,273.15,0.5,50,15148,"TP_0°C,50%SOC",2.9405286775678,NaN,NaN,NaN,NaN,NaN,NaN,NaN,NaN,NaN,NaN,NaN,NaN,NaN,NaN,NaN,NaN
10,283.15,0.5,50,15148,"TP_10°C,50%SOC",NaN,2.91780637447082,NaN,NaN,NaN,NaN,NaN,NaN,NaN,NaN,NaN,NaN,NaN,NaN,NaN,NaN,NaN
25,298.15,0,0,15148,"TP_25°C,0%SOC",NaN,NaN,2.94384772129291,NaN,NaN,NaN,NaN,NaN,NaN,NaN,NaN,NaN,NaN,NaN,NaN,NaN,NaN
25,298.15,0.5,50,15148,"TP_25°C,50%SOC",NaN,NaN,NaN,NaN,2.874207771905,NaN,NaN,NaN,NaN,NaN,NaN,NaN,NaN,NaN,NaN,NaN,NaN
25,298.15,1,100,15148,"TP_25°C,100%SOC",NaN,NaN,NaN,2.70131335725652,NaN,NaN,NaN,NaN,NaN,NaN,NaN,NaN,NaN,NaN,NaN,NaN,NaN
40,313.15,0,0,15148,"TP_40°C,0%SOC",NaN,NaN,NaN,NaN,NaN,2.91093018416973,NaN,NaN,NaN,NaN,NaN,NaN,NaN,NaN,NaN,NaN,NaN
40,313.15,0.125,12.5,15148,"TP_40°C,12.5%SOC",NaN,NaN,NaN,NaN,NaN,NaN,NaN,2.84155350480795,NaN,NaN,NaN,NaN,NaN,NaN,NaN,NaN,NaN
40,313.15,0.25,25,15148,"TP_40°C,25%SOC",NaN,NaN,NaN,NaN,NaN,NaN,NaN,NaN,2.80504648659831,NaN,NaN,NaN,NaN,NaN,NaN,NaN,NaN
40,313.15,0.375,37.5,15148,"TP_40°C,37.5%SOC",NaN,NaN,NaN,NaN,NaN,NaN,NaN,NaN,NaN,2.76504422374046,NaN,NaN,NaN,NaN,NaN,NaN,NaN
40,313.15,0.5,50,15148,"TP_40°C,50%SOC",NaN,NaN,NaN,NaN,NaN,NaN,NaN,NaN,NaN,NaN,2.77112745687444,NaN,NaN,NaN,NaN,NaN,NaN
40,313.15,0.625,62.5,15148,"TP_40°C,62.5%SOC",NaN,NaN,NaN,NaN,NaN,NaN,NaN,NaN,NaN,NaN,NaN,2.75343612108684,NaN,NaN,NaN,NaN,NaN
40,313.15,0.75,75,15148,"TP_40°C,75%SOC",NaN,NaN,NaN,NaN,NaN,NaN,NaN,NaN,NaN,NaN,NaN,NaN,2.72867605175841,NaN,NaN,NaN,NaN
40,313.15,0.875,87.5,15148,"TP_40°C,87.5%SOC",NaN,NaN,NaN,NaN,NaN,NaN,NaN,NaN,NaN,NaN,NaN,NaN,NaN,2.66408773440204,NaN,NaN,NaN
40,313.15,1,100,15148,"TP_40°C,100%SOC",NaN,NaN,NaN,NaN,NaN,NaN,2.66464728798699,NaN,NaN,NaN,NaN,NaN,NaN,NaN,NaN,NaN,NaN
60,333.15,0,0,15148,"TP_60°C,0%SOC",NaN,NaN,NaN,NaN,NaN,NaN,NaN,NaN,NaN,NaN,NaN,NaN,NaN,NaN,2.73879453612167,NaN,NaN
60,333.15,0.5,50,15148,"TP_60°C,50%SOC",NaN,NaN,NaN,NaN,NaN,NaN,NaN,NaN,NaN,NaN,NaN,NaN,NaN,NaN,NaN,NaN,2.47934279917556
60,333.15,1,100,15148,"TP_60°C,100%SOC",NaN,NaN,NaN,NaN,NaN,NaN,NaN,NaN,NaN,NaN,NaN,NaN,NaN,NaN,NaN,2.39435620323389,NaN
0,273.15,0.5,50,15811,"TP_0°C,50%SOC",2.941135586509,NaN,NaN,NaN,NaN,NaN,NaN,NaN,NaN,NaN,NaN,NaN,NaN,NaN,NaN,NaN,NaN
10,283.15,0.5,50,15811,"TP_10°C,50%SOC",NaN,2.91764156717528,NaN,NaN,NaN,NaN,NaN,NaN,NaN,NaN,NaN,NaN,NaN,NaN,NaN,NaN,NaN
25,298.15,0,0,15811,"TP_25°C,0%SOC",NaN,NaN,2.94372717594288,NaN,NaN,NaN,NaN,NaN,NaN,NaN,NaN,NaN,NaN,NaN,NaN,NaN,NaN
25,298.15,0.5,50,15811,"TP_25°C,50%SOC",NaN,NaN,NaN,NaN,2.87220409481307,NaN,NaN,NaN,NaN,NaN,NaN,NaN,NaN,NaN,NaN,NaN,NaN
25,298.15,1,100,15811,"TP_25°C,100%SOC",NaN,NaN,NaN,2.69508309954679,NaN,NaN,NaN,NaN,NaN,NaN,NaN,NaN,NaN,NaN,NaN,NaN,NaN
40,313.15,0,0,15811,"TP_40°C,0%SOC",NaN,NaN,NaN,NaN,NaN,2.90966446425874,NaN,NaN,NaN,NaN,NaN,NaN,NaN,NaN,NaN,NaN,NaN
40,313.15,0.125,12.5,15811,"TP_40°C,12.5%SOC",NaN,NaN,NaN,NaN,NaN,NaN,NaN,2.83811269792865,NaN,NaN,NaN,NaN,NaN,NaN,NaN,NaN,NaN
40,313.15,0.25,25,15811,"TP_40°C,25%SOC",NaN,NaN,NaN,NaN,NaN,NaN,NaN,NaN,2.80154470550731,NaN,NaN,NaN,NaN,NaN,NaN,NaN,NaN
40,313.15,0.375,37.5,15811,"TP_40°C,37.5%SOC",NaN,NaN,NaN,NaN,NaN,NaN,NaN,NaN,NaN,2.75807913253349,NaN,NaN,NaN,NaN,NaN,NaN,NaN
40,313.15,0.5,50,15811,"TP_40°C,50%SOC",NaN,NaN,NaN,NaN,NaN,NaN,NaN,NaN,NaN,NaN,2.75850594583496,NaN,NaN,NaN,NaN,NaN,NaN
40,313.15,0.625,62.5,15811,"TP_40°C,62.5%SOC",NaN,NaN,NaN,NaN,NaN,NaN,NaN,NaN,NaN,NaN,NaN,2.74788105919514,NaN,NaN,NaN,NaN,NaN
40,313.15,0.75,75,15811,"TP_40°C,75%SOC",NaN,NaN,NaN,NaN,NaN,NaN,NaN,NaN,NaN,NaN,NaN,NaN,2.72176881017892,NaN,NaN,NaN,NaN
40,313.15,0.875,87.5,15811,"TP_40°C,87.5%SOC",NaN,NaN,NaN,NaN,NaN,NaN,NaN,NaN,NaN,NaN,NaN,NaN,NaN,2.6560721728172,NaN,NaN,NaN
40,313.15,1,100,15811,"TP_40°C,100%SOC",NaN,NaN,NaN,NaN,NaN,NaN,2.65784815047521,NaN,NaN,NaN,NaN,NaN,NaN,NaN,NaN,NaN,NaN
60,333.15,0,0,15811,"TP_60°C,0%SOC",NaN,NaN,NaN,NaN,NaN,NaN,NaN,NaN,NaN,NaN,NaN,NaN,NaN,NaN,2.7304185523355,NaN,NaN
60,333.15,0.5,50,15811,"TP_60°C,50%SOC",NaN,NaN,NaN,NaN,NaN,NaN,NaN,NaN,NaN,NaN,NaN,NaN,NaN,NaN,NaN,NaN,2.46598990508367
60,333.15,1,100,15811,"TP_60°C,100%SOC",NaN,NaN,NaN,NaN,NaN,NaN,NaN,NaN,NaN,NaN,NaN,NaN,NaN,NaN,NaN,2.38362733730244,NaN
0,273.15,0.5,50,17001,"TP_0°C,50%SOC",2.93987122769142,NaN,NaN,NaN,NaN,NaN,NaN,NaN,NaN,NaN,NaN,NaN,NaN,NaN,NaN,NaN,NaN
10,283.15,0.5,50,17001,"TP_10°C,50%SOC",NaN,2.91567059126644,NaN,NaN,NaN,NaN,NaN,NaN,NaN,NaN,NaN,NaN,NaN,NaN,NaN,NaN,NaN
25,298.15,0,0,17001,"TP_25°C,0%SOC",NaN,NaN,2.94228911368106,NaN,NaN,NaN,NaN,NaN,NaN,NaN,NaN,NaN,NaN,NaN,NaN,NaN,NaN
25,298.15,0.5,50,17001,"TP_25°C,50%SOC",NaN,NaN,NaN,NaN,2.86825504037541,NaN,NaN,NaN,NaN,NaN,NaN,NaN,NaN,NaN,NaN,NaN,NaN
25,298.15,1,100,17001,"TP_25°C,100%SOC",NaN,NaN,NaN,2.68914287214055,NaN,NaN,NaN,NaN,NaN,NaN,NaN,NaN,NaN,NaN,NaN,NaN,NaN
40,313.15,0,0,17001,"TP_40°C,0%SOC",NaN,NaN,NaN,NaN,NaN,2.9068539654713,NaN,NaN,NaN,NaN,NaN,NaN,NaN,NaN,NaN,NaN,NaN
40,313.15,0.125,12.5,17001,"TP_40°C,12.5%SOC",NaN,NaN,NaN,NaN,NaN,NaN,NaN,2.83054103281938,NaN,NaN,NaN,NaN,NaN,NaN,NaN,NaN,NaN
40,313.15,0.25,25,17001,"TP_40°C,25%SOC",NaN,NaN,NaN,NaN,NaN,NaN,NaN,NaN,2.79338873826649,NaN,NaN,NaN,NaN,NaN,NaN,NaN,NaN
40,313.15,0.375,37.5,17001,"TP_40°C,37.5%SOC",NaN,NaN,NaN,NaN,NaN,NaN,NaN,NaN,NaN,2.74787023499246,NaN,NaN,NaN,NaN,NaN,NaN,NaN
40,313.15,0.5,50,17001,"TP_40°C,50%SOC",NaN,NaN,NaN,NaN,NaN,NaN,NaN,NaN,NaN,NaN,2.74719228674489,NaN,NaN,NaN,NaN,NaN,NaN
40,313.15,0.625,62.5,17001,"TP_40°C,62.5%SOC",NaN,NaN,NaN,NaN,NaN,NaN,NaN,NaN,NaN,NaN,NaN,2.73842413578477,NaN,NaN,NaN,NaN,NaN
40,313.15,0.75,75,17001,"TP_40°C,75%SOC",NaN,NaN,NaN,NaN,NaN,NaN,NaN,NaN,NaN,NaN,NaN,NaN,2.71200534159001,NaN,NaN,NaN,NaN
40,313.15,0.875,87.5,17001,"TP_40°C,87.5%SOC",NaN,NaN,NaN,NaN,NaN,NaN,NaN,NaN,NaN,NaN,NaN,NaN,NaN,2.64618295265436,NaN,NaN,NaN
40,313.15,1,100,17001,"TP_40°C,100%SOC",NaN,NaN,NaN,NaN,NaN,NaN,2.61843226819492,NaN,NaN,NaN,NaN,NaN,NaN,NaN,NaN,NaN,NaN
60,333.15,0,0,17001,"TP_60°C,0%SOC",NaN,NaN,NaN,NaN,NaN,NaN,NaN,NaN,NaN,NaN,NaN,NaN,NaN,NaN,2.71916865143028,NaN,NaN
60,333.15,0.5,50,17001,"TP_60°C,50%SOC",NaN,NaN,NaN,NaN,NaN,NaN,NaN,NaN,NaN,NaN,NaN,NaN,NaN,NaN,NaN,NaN,2.45152745768687
60,333.15,1,100,17001,"TP_60°C,100%SOC",NaN,NaN,NaN,NaN,NaN,NaN,NaN,NaN,NaN,NaN,NaN,NaN,NaN,NaN,NaN,2.3688128715365,NaN
0,273.15,0.5,50,18239,"TP_0°C,50%SOC",2.93764375519728,NaN,NaN,NaN,NaN,NaN,NaN,NaN,NaN,NaN,NaN,NaN,NaN,NaN,NaN,NaN,NaN
10,283.15,0.5,50,18239,"TP_10°C,50%SOC",NaN,2.91373336272097,NaN,NaN,NaN,NaN,NaN,NaN,NaN,NaN,NaN,NaN,NaN,NaN,NaN,NaN,NaN
25,298.15,0,0,18239,"TP_25°C,0%SOC",NaN,NaN,2.94064573061647,NaN,NaN,NaN,NaN,NaN,NaN,NaN,NaN,NaN,NaN,NaN,NaN,NaN,NaN
25,298.15,0.5,50,18239,"TP_25°C,50%SOC",NaN,NaN,NaN,NaN,2.86402930777808,NaN,NaN,NaN,NaN,NaN,NaN,NaN,NaN,NaN,NaN,NaN,NaN
25,298.15,1,100,18239,"TP_25°C,100%SOC",NaN,NaN,NaN,2.68249757960608,NaN,NaN,NaN,NaN,NaN,NaN,NaN,NaN,NaN,NaN,NaN,NaN,NaN
40,313.15,0,0,18239,"TP_40°C,0%SOC",NaN,NaN,NaN,NaN,NaN,2.90382736869431,NaN,NaN,NaN,NaN,NaN,NaN,NaN,NaN,NaN,NaN,NaN
40,313.15,0.125,12.5,18239,"TP_40°C,12.5%SOC",NaN,NaN,NaN,NaN,NaN,NaN,NaN,2.82222944950146,NaN,NaN,NaN,NaN,NaN,NaN,NaN,NaN,NaN
40,313.15,0.25,25,18239,"TP_40°C,25%SOC",NaN,NaN,NaN,NaN,NaN,NaN,NaN,NaN,2.78496498062024,NaN,NaN,NaN,NaN,NaN,NaN,NaN,NaN
40,313.15,0.375,37.5,18239,"TP_40°C,37.5%SOC",NaN,NaN,NaN,NaN,NaN,NaN,NaN,NaN,NaN,2.73897610386063,NaN,NaN,NaN,NaN,NaN,NaN,NaN
40,313.15,0.5,50,18239,"TP_40°C,50%SOC",NaN,NaN,NaN,NaN,NaN,NaN,NaN,NaN,NaN,NaN,2.73769362138802,NaN,NaN,NaN,NaN,NaN,NaN
40,313.15,0.625,62.5,18239,"TP_40°C,62.5%SOC",NaN,NaN,NaN,NaN,NaN,NaN,NaN,NaN,NaN,NaN,NaN,2.72863875208369,NaN,NaN,NaN,NaN,NaN
40,313.15,0.75,75,18239,"TP_40°C,75%SOC",NaN,NaN,NaN,NaN,NaN,NaN,NaN,NaN,NaN,NaN,NaN,NaN,2.70223857361827,NaN,NaN,NaN,NaN
40,313.15,0.875,87.5,18239,"TP_40°C,87.5%SOC",NaN,NaN,NaN,NaN,NaN,NaN,NaN,NaN,NaN,NaN,NaN,NaN,NaN,2.63674413411135,NaN,NaN,NaN
40,313.15,1,100,18239,"TP_40°C,100%SOC",NaN,NaN,NaN,NaN,NaN,NaN,2.60768942034896,NaN,NaN,NaN,NaN,NaN,NaN,NaN,NaN,NaN,NaN
60,333.15,0,0,18239,"TP_60°C,0%SOC",NaN,NaN,NaN,NaN,NaN,NaN,NaN,NaN,NaN,NaN,NaN,NaN,NaN,NaN,2.70532476885442,NaN,NaN
60,333.15,0.5,50,18239,"TP_60°C,50%SOC",NaN,NaN,NaN,NaN,NaN,NaN,NaN,NaN,NaN,NaN,NaN,NaN,NaN,NaN,NaN,NaN,2.43478409738422
60,333.15,1,100,18239,"TP_60°C,100%SOC",NaN,NaN,NaN,NaN,NaN,NaN,NaN,NaN,NaN,NaN,NaN,NaN,NaN,NaN,NaN,2.35311959189484,NaN
0,273.15,0.5,50,19190,"TP_0°C,50%SOC",2.93643606940798,NaN,NaN,NaN,NaN,NaN,NaN,NaN,NaN,NaN,NaN,NaN,NaN,NaN,NaN,NaN,NaN
10,283.15,0.5,50,19190,"TP_10°C,50%SOC",NaN,2.91170576879573,NaN,NaN,NaN,NaN,NaN,NaN,NaN,NaN,NaN,NaN,NaN,NaN,NaN,NaN,NaN
25,298.15,0,0,19190,"TP_25°C,0%SOC",NaN,NaN,2.93902815468019,NaN,NaN,NaN,NaN,NaN,NaN,NaN,NaN,NaN,NaN,NaN,NaN,NaN,NaN
25,298.15,0.5,50,19190,"TP_25°C,50%SOC",NaN,NaN,NaN,NaN,2.86082298306574,NaN,NaN,NaN,NaN,NaN,NaN,NaN,NaN,NaN,NaN,NaN,NaN
25,298.15,1,100,19190,"TP_25°C,100%SOC",NaN,NaN,NaN,2.67743919940535,NaN,NaN,NaN,NaN,NaN,NaN,NaN,NaN,NaN,NaN,NaN,NaN,NaN
40,313.15,0,0,19190,"TP_40°C,0%SOC",NaN,NaN,NaN,NaN,NaN,2.89960626055988,NaN,NaN,NaN,NaN,NaN,NaN,NaN,NaN,NaN,NaN,NaN
40,313.15,0.125,12.5,19190,"TP_40°C,12.5%SOC",NaN,NaN,NaN,NaN,NaN,NaN,NaN,2.81560217698587,NaN,NaN,NaN,NaN,NaN,NaN,NaN,NaN,NaN
40,313.15,0.25,25,19190,"TP_40°C,25%SOC",NaN,NaN,NaN,NaN,NaN,NaN,NaN,NaN,2.77779506503256,NaN,NaN,NaN,NaN,NaN,NaN,NaN,NaN
40,313.15,0.375,37.5,19190,"TP_40°C,37.5%SOC",NaN,NaN,NaN,NaN,NaN,NaN,NaN,NaN,NaN,2.73150522253323,NaN,NaN,NaN,NaN,NaN,NaN,NaN
40,313.15,0.5,50,19190,"TP_40°C,50%SOC",NaN,NaN,NaN,NaN,NaN,NaN,NaN,NaN,NaN,NaN,2.72992519971184,NaN,NaN,NaN,NaN,NaN,NaN
40,313.15,0.625,62.5,19190,"TP_40°C,62.5%SOC",NaN,NaN,NaN,NaN,NaN,NaN,NaN,NaN,NaN,NaN,NaN,2.72094887529192,NaN,NaN,NaN,NaN,NaN
40,313.15,0.75,75,19190,"TP_40°C,75%SOC",NaN,NaN,NaN,NaN,NaN,NaN,NaN,NaN,NaN,NaN,NaN,NaN,2.69472628876252,NaN,NaN,NaN,NaN
40,313.15,0.875,87.5,19190,"TP_40°C,87.5%SOC",NaN,NaN,NaN,NaN,NaN,NaN,NaN,NaN,NaN,NaN,NaN,NaN,NaN,2.62925294574793,NaN,NaN,NaN
40,313.15,1,100,19190,"TP_40°C,100%SOC",NaN,NaN,NaN,NaN,NaN,NaN,2.60015739436624,NaN,NaN,NaN,NaN,NaN,NaN,NaN,NaN,NaN,NaN
60,333.15,0,0,19190,"TP_60°C,0%SOC",NaN,NaN,NaN,NaN,NaN,NaN,NaN,NaN,NaN,NaN,NaN,NaN,NaN,NaN,2.69026086132631,NaN,NaN
60,333.15,0.5,50,19190,"TP_60°C,50%SOC",NaN,NaN,NaN,NaN,NaN,NaN,NaN,NaN,NaN,NaN,NaN,NaN,NaN,NaN,NaN,NaN,2.42107575990156
60,333.15,1,100,19190,"TP_60°C,100%SOC",NaN,NaN,NaN,NaN,NaN,NaN,NaN,NaN,NaN,NaN,NaN,NaN,NaN,NaN,NaN,2.34114448877245,NaN
0,273.15,0.5,50,20163,"TP_0°C,50%SOC",2.92422758951522,NaN,NaN,NaN,NaN,NaN,NaN,NaN,NaN,NaN,NaN,NaN,NaN,NaN,NaN,NaN,NaN
10,283.15,0.5,50,20163,"TP_10°C,50%SOC",NaN,2.90918939187331,NaN,NaN,NaN,NaN,NaN,NaN,NaN,NaN,NaN,NaN,NaN,NaN,NaN,NaN,NaN
25,298.15,0,0,20163,"TP_25°C,0%SOC",NaN,NaN,2.93753353572979,NaN,NaN,NaN,NaN,NaN,NaN,NaN,NaN,NaN,NaN,NaN,NaN,NaN,NaN
25,298.15,0.5,50,20163,"TP_25°C,50%SOC",NaN,NaN,NaN,NaN,2.85696189841292,NaN,NaN,NaN,NaN,NaN,NaN,NaN,NaN,NaN,NaN,NaN,NaN
25,298.15,1,100,20163,"TP_25°C,100%SOC",NaN,NaN,NaN,2.67243273404129,NaN,NaN,NaN,NaN,NaN,NaN,NaN,NaN,NaN,NaN,NaN,NaN,NaN
40,313.15,0,0,20163,"TP_40°C,0%SOC",NaN,NaN,NaN,NaN,NaN,2.89667329249514,NaN,NaN,NaN,NaN,NaN,NaN,NaN,NaN,NaN,NaN,NaN
40,313.15,0.125,12.5,20163,"TP_40°C,12.5%SOC",NaN,NaN,NaN,NaN,NaN,NaN,NaN,2.80903370903091,NaN,NaN,NaN,NaN,NaN,NaN,NaN,NaN,NaN
40,313.15,0.25,25,20163,"TP_40°C,25%SOC",NaN,NaN,NaN,NaN,NaN,NaN,NaN,NaN,2.7713572351126,NaN,NaN,NaN,NaN,NaN,NaN,NaN,NaN
40,313.15,0.375,37.5,20163,"TP_40°C,37.5%SOC",NaN,NaN,NaN,NaN,NaN,NaN,NaN,NaN,NaN,2.72411982457652,NaN,NaN,NaN,NaN,NaN,NaN,NaN
40,313.15,0.5,50,20163,"TP_40°C,50%SOC",NaN,NaN,NaN,NaN,NaN,NaN,NaN,NaN,NaN,NaN,2.72229971786528,NaN,NaN,NaN,NaN,NaN,NaN
40,313.15,0.625,62.5,20163,"TP_40°C,62.5%SOC",NaN,NaN,NaN,NaN,NaN,NaN,NaN,NaN,NaN,NaN,NaN,2.71369651579637,NaN,NaN,NaN,NaN,NaN
40,313.15,0.75,75,20163,"TP_40°C,75%SOC",NaN,NaN,NaN,NaN,NaN,NaN,NaN,NaN,NaN,NaN,NaN,NaN,2.68755102520883,NaN,NaN,NaN,NaN
40,313.15,0.875,87.5,20163,"TP_40°C,87.5%SOC",NaN,NaN,NaN,NaN,NaN,NaN,NaN,NaN,NaN,NaN,NaN,NaN,NaN,2.62212880495899,NaN,NaN,NaN
40,313.15,1,100,20163,"TP_40°C,100%SOC",NaN,NaN,NaN,NaN,NaN,NaN,2.59347190483089,NaN,NaN,NaN,NaN,NaN,NaN,NaN,NaN,NaN,NaN
60,333.15,0,0,20163,"TP_60°C,0%SOC",NaN,NaN,NaN,NaN,NaN,NaN,NaN,NaN,NaN,NaN,NaN,NaN,NaN,NaN,2.67872053834164,NaN,NaN
60,333.15,0.5,50,20163,"TP_60°C,50%SOC",NaN,NaN,NaN,NaN,NaN,NaN,NaN,NaN,NaN,NaN,NaN,NaN,NaN,NaN,NaN,NaN,2.40750571375196
60,333.15,1,100,20163,"TP_60°C,100%SOC",NaN,NaN,NaN,NaN,NaN,NaN,NaN,NaN,NaN,NaN,NaN,NaN,NaN,NaN,NaN,2.32904149612648,NaN
0,273.15,0.5,50,21241,"TP_0°C,50%SOC",2.920124538008,NaN,NaN,NaN,NaN,NaN,NaN,NaN,NaN,NaN,NaN,NaN,NaN,NaN,NaN,NaN,NaN
10,283.15,0.5,50,21241,"TP_10°C,50%SOC",NaN,2.90412804555256,NaN,NaN,NaN,NaN,NaN,NaN,NaN,NaN,NaN,NaN,NaN,NaN,NaN,NaN,NaN
25,298.15,0,0,21241,"TP_25°C,0%SOC",NaN,NaN,2.9322348687875,NaN,NaN,NaN,NaN,NaN,NaN,NaN,NaN,NaN,NaN,NaN,NaN,NaN,NaN
25,298.15,0.5,50,21241,"TP_25°C,50%SOC",NaN,NaN,NaN,NaN,2.85160038816165,NaN,NaN,NaN,NaN,NaN,NaN,NaN,NaN,NaN,NaN,NaN,NaN
25,298.15,1,100,21241,"TP_25°C,100%SOC",NaN,NaN,NaN,2.66628330787716,NaN,NaN,NaN,NaN,NaN,NaN,NaN,NaN,NaN,NaN,NaN,NaN,NaN
40,313.15,0,0,21241,"TP_40°C,0%SOC",NaN,NaN,NaN,NaN,NaN,2.88850751588701,NaN,NaN,NaN,NaN,NaN,NaN,NaN,NaN,NaN,NaN,NaN
40,313.15,0.125,12.5,21241,"TP_40°C,12.5%SOC",NaN,NaN,NaN,NaN,NaN,NaN,NaN,2.79920026653544,NaN,NaN,NaN,NaN,NaN,NaN,NaN,NaN,NaN
40,313.15,0.25,25,21241,"TP_40°C,25%SOC",NaN,NaN,NaN,NaN,NaN,NaN,NaN,NaN,2.76084177847413,NaN,NaN,NaN,NaN,NaN,NaN,NaN,NaN
40,313.15,0.375,37.5,21241,"TP_40°C,37.5%SOC",NaN,NaN,NaN,NaN,NaN,NaN,NaN,NaN,NaN,2.71544149645906,NaN,NaN,NaN,NaN,NaN,NaN,NaN
40,313.15,0.5,50,21241,"TP_40°C,50%SOC",NaN,NaN,NaN,NaN,NaN,NaN,NaN,NaN,NaN,NaN,2.7132491293603,NaN,NaN,NaN,NaN,NaN,NaN
40,313.15,0.625,62.5,21241,"TP_40°C,62.5%SOC",NaN,NaN,NaN,NaN,NaN,NaN,NaN,NaN,NaN,NaN,NaN,2.70440780821092,NaN,NaN,NaN,NaN,NaN
40,313.15,0.75,75,21241,"TP_40°C,75%SOC",NaN,NaN,NaN,NaN,NaN,NaN,NaN,NaN,NaN,NaN,NaN,NaN,2.67964535211691,NaN,NaN,NaN,NaN
40,313.15,0.875,87.5,21241,"TP_40°C,87.5%SOC",NaN,NaN,NaN,NaN,NaN,NaN,NaN,NaN,NaN,NaN,NaN,NaN,NaN,2.61548661491464,NaN,NaN,NaN
40,313.15,1,100,21241,"TP_40°C,100%SOC",NaN,NaN,NaN,NaN,NaN,NaN,2.5861176330101,NaN,NaN,NaN,NaN,NaN,NaN,NaN,NaN,NaN,NaN
60,333.15,0,0,21241,"TP_60°C,0%SOC",NaN,NaN,NaN,NaN,NaN,NaN,NaN,NaN,NaN,NaN,NaN,NaN,NaN,NaN,2.65143387427043,NaN,NaN
60,333.15,0.5,50,21241,"TP_60°C,50%SOC",NaN,NaN,NaN,NaN,NaN,NaN,NaN,NaN,NaN,NaN,NaN,NaN,NaN,NaN,NaN,NaN,2.39128338461022
60,333.15,1,100,21241,"TP_60°C,100%SOC",NaN,NaN,NaN,NaN,NaN,NaN,NaN,NaN,NaN,NaN,NaN,NaN,NaN,NaN,NaN,2.31610166722142,NaN
